tag,i
busan,1345
부산,569
korea,481
travel,229
southkorea,168
seoul,166
부산여행,154
daily,152
일상,151
Busan,148
해운대,138
여행,123
bts,121
trip,119
photo,96
여행스타그램,95
army,89
jimin,89
광안리,84
jungkook,83
selfie,81
taehyung,80
데일리,78
jin,76
좋아요,75
haeundae,74
daegu,74
한국,74
bangtanboys,73
jhope,72
yoongi,71
맞팔,71
photography,70
v,69
ootd,69
suga,69
소통,69
bangtan,62
rm,62
travelgram,60
btsworld,60
서면,59
follow,58
travelphotography,57
셀카,56
cafe,56
카페,56
먹스타그램,55
바다,55
kpop,54
loveyourself,53
BUSAN,52
love,50
사진,50
부산맛집,50
biff,48
hyundai,48
Korea,48
sea,48
lottedutyfree,47
speakyourself,47
unisef,47
news,47
bangtannews8,47
beach,45
instagram,43
instadaily,43
국내여행,43
비지하이,42
셀피,42
korean,42
맛집,41
f4f,40
likeforlikes,39
선팔,39
holiday,39
ig,38
맛스타그램,38
landscape,38
좋아요반사,37
부산카페,37
셀스타그램,37
instagood,37
선팔하면맞팔,36
vacation,35
힐링,35
서울,35
coffee,33
art,32
food,31
인친,30
busantrip,30
biff2019,30
busaninternationalfilmfestival,30
film,30
여행에미치다,30
photooftheday,30
가을,29
방탄소년단,29
부산국제영화제,29
photographer,28
휴가,28
koreanfood,27
sunset,27
팔로우,27
jeonjungkook,26
selca,26
BTS,25
foodie,25
먹방,25
전포카페거리,25
bangtansonyeondan,25
namjoon,25
희동왕자,25
좋반,24
커피,24
vsco,24
busantravel,24
영도,24
광안대교,23
gamcheonculturevillage,23
camera,23
like,23
visitkorea,23
instatravel,22
wanderlust,22
followme,22
fashion,21
moviegram,21
dailylook,21
filmstagram,21
sky,21
Timoth,21
TheKing,21
vscocam,21
bighit,21
남포동,21
여행er,21
Netflix,21
asia,21
hoseok,21
티모시샬라메,21
photoinstagram,21
5THMUSTER,20
GENESIS,20
followforfollowback,20
주말,20
canon,20
haeundaebeach,19
snap,19
beautiful,19
ocean,19
2019,19
데일리룩,19
l4l,19
instalike,19
happy,19
jikook,18
instafood,18
festival,18
fff,18
광안리해수욕장,18
memesespa,18
likeforfollow,18
traveler,18
핑크뮬리,18
인스타그램,18
busancafe,18
life,18
movie,18
MAGICSHOP,17
일상스타그램,17
kookie,17
디저트,17
해리단길,17
foodporn,17
야경,17
SouthKorea,16
streetphotography,16
둘째날,16
usa,16
nature,16
vmin,16
temple,16
koreatravel,16
사진그램,16
cute,16
카페스타그램,16
오오티디,16
koreangirl,16
parkjimin,16
감성,16
마린시티,15
kimtaehyung,15
nightview,15
카메라,15
style,15
koreanfashion,15
서면맛집,15
SEOUL,15
seomyeon,15
ulzzang,15
explore,15
풍경,15
autumn,14
해운대맛집,14
부산핫플,14
sunrise,14
street,14
busankorea,14
기장,14
koreanstyle,14
beauty,14
스냅,14
city,13
Seoul,13
부산가볼만한곳,13
캐논이미지스토밍,13
travelholic,13
model,13
nampodong,13
saturday,13
view,13
picoftheday,13
BIFF,13
pusan,13
SUGA,13
kazakhstan,13
bighitentertainment,13
토요일,13
한국여행,12
gamcheon,12
makeup,12
태종대,12
tashkent,12
family,12
KOREA,12
busanfood,12
cat,12
lfl,12
Golf,12
koreanmakeup,12
azerbaijan,12
영화의전당,12
대구,12
foodpic,12
outfit,12
uzbekistan,12
travelblogger,12
transformers,11
car,11
vscobrasil,11
btsarmy,11
cinema,11
onibus,11
colors,11
marcopolo,11
가족,11
irizar,11
cloud,11
world,11
russia,11
fanaticosporonibus,11
scania,11
caio,11
goodmorning,11
경성대,11
volvo,11
idol,11
mercedes,11
jmt,11
filmfestival,11
delicious,11
busologo,11
대한민국,11
park,11
얼스타그램,11
bus,11
foodstagram,11
nikon,11
scaniabrasil,11
brasil,11
하늘,11
dancer,10
namjin,10
제네시스g90,10
weekend,10
제네시스G70,10
제네시스,10
제네시스g80,10
제네시스eq900,10
yummy,10
부산풍경,10
eq900,10
전포카페,10
마카롱,10
감천문화마을,10
노을,10
luxury,10
auto,10
GenesisChampionship,10
Cars,10
genesissedan,10
GENESISMOTORS,10
GENESISKOREA,10
GENESISG80,10
genesiskorea,10
hyundaiusa,10
taejongdae,10
카페투어,10
traveling,10
해운대해수욕장,10
jk,10
g90,10
g80,10
g70,10
tokyo,10
행복,10
울산,10
japan,10
genesisusa,10
voyage,10
데이트,10
architecture,10
고양이,10
insta,10
south,10
mono,10
데일리그램,10
니콘,10
Hyundai,10
BurnTheStage,9
Travel,9
부경대,9
운동하는남자,9
bt21shop,9
photoshoot,9
china,9
gwangalli,9
bts721,9
lifestyle,9
정국,9
btsfan,9
BagtangBoysArmy,9
BagtangBoys,9
seokjin,9
happiness,9
hair,9
good,9
btsbonvoyage,9
yoonji,9
전리단길,9
btsfandom,9
BTSMEXICO,9
koreatour,9
taekook,9
mochi,9
SHOOKY,9
naturephotography,9
SOUL,9
SPIKLOVEYOURSELF,9
첫줄,9
청사포,9
btswouldyourather,9
감성사진,9
푸드스타그램,9
artist,9
micdrop,9
부산대,9
태풍,9
flowers,9
자갈치축제,9
foodgasm,9
LoveYourSelf,9
사진스타그램,9
hiking,9
반려견,9
cake,9
exhibition,9
bagtansonyeondan,9
btstuspatrones,9
mapofsoulpersona,9
instapic,9
armybrasil,8
yacht,8
부국제,8
불토,8
armybomb,8
kimnamjoon,8
brazil,8
다대포,8
cnschallenge,8
케이크,8
ibighit,8
jinkook,8
bnw,8
color,8
kimseokjin,8
picture,8
남포동맛집,8
인물사진,8
bt21makeup,8
macaron,8
traveller,8
koreatrip,8
tattoo,8
tumblr,8
travelling,8
filmphotography,8
beckygxjhope,8
traveltheworld,8
센텀시티,8
센텀,8
moscow,8
부산맛집탐방,8
해동용궁사,8
event,8
travels,8
dessert,8
광안리맛집,8
friends,8
sope,8
gwangallibeach,8
vintage,8
russian,8
fun,8
부맛탐,8
adventure,8
vkook,8
funny,8
turkey,7
취미,7
robotland,7
맞팔환영,7
rapmonster,7
Southkorea,7
sweets,7
running,7
summer,7
캐논,7
taiwan,7
모델,7
친구,7
taehyungedit,7
visitbusan,7
cinemacenter,7
부산불꽃축제,7
일몰,7
ulsan,7
koreabyme,7
바닷가,7
kstyle,7
경주,7
기장카페,7
exo,7
이태원,7
더베이101,7
baby,7
인생샷,7
gyeongju,7
astana,7
서면카페,7
koreanpop,7
koreanoutfit,7
오랑대,7
night,7
of,7
mountain,7
goldenmaknae,7
girl,7
masan,7
운동하는여자,7
동래,7
beautifuldestinations,7
like4likes,7
송도,7
Daegu,7
travellife,7
소통해요,7
gijang,7
like4like,7
요트투어,7
요트,7
thebay101,7
Haeundae,7
minyoongi,7
lifeisbeautiful,7
오늘,7
댓글,7
전포동,7
점심,7
photoshooting,7
photoshoots,7
pic,7
couple,7
photooftenday,7
전시회,7
junghoseok,7
peachystyle,7
peachyfashion,7
party,7
coreadelsur,7
peachy,7
부산핫플레이스,7
흰여울문화마을,7
tour,7
RM,7
kfashion,7
instaphoto,7
141,6
출사,6
sunny,6
국제시장,6
엄궁맛집,6
beautifulgirls,6
istanbul,6
BIFF2019,6
sweet,6
btsgame,6
songdo,6
요트프렌즈,6
lightroom,6
indonesia,6
패션,6
igers,6
미술,6
armyseguindoarmy,6
다대포해수욕장,6
영화제,6
jazzcat,6
kth,6
andijon,6
uzbekgirl,6
barista,6
kirgizistan,6
대학생,6
vacances,6
영도카페,6
barbershop,6
brazilian,6
turkmenistan,6
home,6
밀면,6
오리고기,6
오리고기맛집,6
southkorean,6
오리불고기,6
홍대,6
명성오리불고기,6
gwanganbeach,6
stylekorea,6
kpopfashion,6
kpopper,6
안녕야옹,6
today,6
barber,6
gangnam,6
좋반테러,6
운동,6
turkmen,6
samarkand,6
부산야경,6
쿠키,6
밤,6
장림포구,6
tashkentcity,6
tashkentgirls,6
맛집탐방,6
omma,6
럽스타그램,6
dog,6
부산스타그램,6
러닝,6
Kpop,6
Ukrainiangirls,6
냥스타그램,6
빈티지,6
전시,6
하기비스,6
yachttour,6
SOUTHKOREA,6
colorful,6
Photo,6
redcarpet,6
work,6
tajikistan,6
russiangirlsgram,6
전포동사진관,6
맛,6
tajik,6
부산요트경기장,6
photos,6
전포,6
부산사진관,6
셀카스타그램,6
mood,6
mountains,6
mexico,6
부산축제,6
filhadaomma,6
bukhara,6
showbaleFusion,6
부산데이트,6
fergana,6
modern,6
modernarchitecture,6
부산마카롱,6
seaside,6
부산맛집명성오리불고기,6
beer,6
moviecenter,6
me,6
부산나들이,6
타투,6
맞팔해요,6
busaninternationalfilmfestival2019,6
mylife,6
풍경사진,6
부산바버샵,6
동의대,6
enjoy,6
namangan,6
friendship,6
초콜릿,6
소주,6
beckyg,5
바버샵,5
커피스타그램,5
바람,5
best,5
바리스타,5
bembikaasiantour2018,5
bembika,5
date,5
birthday,5
서핑,5
leica,5
스물다섯째날,5
likeforlike,5
likes,5
gapsida,5
술스타그램,5
galaxynote9photography,5
longexposure,5
foodphotography,5
foodblogger,5
follow4like,5
fireworks,5
셋째날,5
filmisnotdead,5
셀스타,5
을숙도,5
fall,5
f4follow,5
mukbang,5
golf,5
kpopl4l,5
gucci,5
hkig,5
instamood,5
international,5
internationalcouple,5
여름,5
japon,5
icecream,5
jeju,5
jimha,5
영도맛집,5
gwanganbridge,5
영화,5
healing,5
kith,5
아름답다,5
hanbok,5
haedongyonggungsa,5
koreantrip2019,5
gwanganri,5
explorekorea,5
estadosunidos,5
sundown,5
인스타푸드,5
부산역,5
부산여행코스,5
cafestagram,5
business,5
sejong,5
seul,5
btsuruguay,5
초량이바구길,5
btsjimin,5
촬영,5
btsjapon,5
부산게스트하우스,5
축제,5
btsfancam,5
southkoreatravel,5
bridge,5
breakfast,5
streetcat,5
sun,5
s4s,5
centumcity,5
cheongsapo,5
산책,5
서면술집,5
natural,5
서면바버샵,5
dynamicbusan,5
niceview,5
dragon,5
nofilter,5
october,5
dinner,5
potd,5
osaka,5
장산,5
사랑해요,5
dancehall,5
corea,5
cookies,5
분위기,5
coffeeshop,5
day25,5
instago,5
강남,5
동아대,5
광안리핫플,5
한국여행2019,5
aesthetic,5
돼지국밥,5
다이어트,5
98,5
해운대카페,5
레드카펫,5
런스타그램,5
argentina,5
Landscape,5
길고양이,5
welcomingparty,5
길냥이,5
맛집스타그램,5
과자,5
22,5
맥주,5
포토그래퍼,5
artwork,5
JUNGKOOK,5
asiantour2018,5
대선,5
호주,5
딸기,5
asian,5
asiantour,5
antiochinternationalchurch,5
해리단길카페,5
americano,5
Asia,5
구름,5
vedits,5
BPL,5
파도,5
가을바다,5
uruguayneedsbtstour,5
yum,5
행복해,5
멍스타그램,5
uruguay,5
가족사진,5
해운대사진관,4
filmphoto,4
청사포고양이마을,4
포마드,4
등산,4
filmcamera,4
골프,4
음식,4
첫줄반사,4
familytime,4
고양이가구,4
도쿄,4
공원,4
부산맘,4
light,4
monstax,4
해수욕장,4
boywithluv,4
moon,4
디저트카페,4
고등학생,4
외국인,4
부산맛집추천,4
seoulkorea,4
셀피그램,4
수영카페,4
스냅사진,4
vision,4
lunch,4
광안리해변,4
부산강서구,4
sony,4
foodpics,4
부산관광,4
촬영문의,4
btsjungkook,4
Daily,4
maknaebts,4
lovefood,4
lovebychance,4
동백섬,4
초밥,4
송정해수욕장,4
lovebts,4
선팔맞팔,4
부산남자,4
소확행,4
관광,4
look,4
해운대여행,4
fujifilm,4
village,4
유지어터,4
동래읍성,4
드라이브,4
menshair,4
discover,4
JMT,4
부산바다,4
cheatday,4
cityscape,4
phofkorea,4
가을여행,4
cyberpunk,4
pekin,4
빈티지샵,4
red,4
chocolovers,4
chocolatecake,4
chocolate,4
chocoholic,4
chococake,4
dailypic,4
저녁,4
chimchim,4
dance,4
가족여행,4
좋다,4
culture,4
가게,4
마이페이보릿쿠키,4
필름스냅,4
마린시티맛집,4
portraits,4
portrait,4
Photograph,4
부산항대교,4
부산호텔,4
pomade,4
피크닉,4
poland,4
정국최고,4
조개구이,4
profile,4
yaoi,4
cool,4
clouds,4
reisen,4
한국요리,4
딸그램,4
desserts,4
일반인촬영,4
거리사진,4
TripletsBusanxJeju,4
뚱카롱,4
결혼식,4
인스타,4
nagoya,4
wedding,4
seafood,4
인물,4
myfavoritecookie,4
seetheworld,4
busansoseoul,4
explorer,4
mp,4
exploretheworld,4
이벤트,4
갤러리,4
일본,4
Korean,4
삼락공원,4
winter,4
ourstreets,4
catvillage,4
run,4
사진쟁이,4
강아지,4
맛있다,4
자갈치시장,4
일상그램,4
부산여자,4
지민,4
nice,4
california,4
맛집추천,4
Traveler,4
일상사진,4
친구들,4
Pusan,4
흔한사진,4
남포,4
trekking,4
jagalchimarket,4
회,4
handsomeboys,4
달,4
holidays,4
studyabroad,4
golfstagram,4
beyondthescene,4
upga,4
laikuanlin,4
35mmfilm,4
landscapephotography,4
throwback,4
baymondhotel,4
아들그램,4
꽃,4
2019신한환경사진공모전,4
다대포맛집,4
sunnyday,4
togetherwithme,4
jar,4
예술,4
예쁜카페,4
오토바이여행,4
신상카페,4
backpackerkorea,4
남포동마카롱,4
흑백사진,4
korea2019,4
예쁘니까찍는다,4
99,4
sushi,4
blbr,4
tourism,4
artistry,4
bake,4
australia,4
taehyungyouareperfect,4
카페추천,4
streetart,4
bookstore,4
beandelights,4
베이몬드호텔,4
jeonpocafestreet,4
jeonpo,4
globetrotter,4
latepost,4
대구여행,4
흰여울마을,4
handmade,4
iphone,4
꾸기,4
travelkorea,4
아이폰,4
35mm,4
italy,4
backpacker,4
ishootfilm,4
산,3
hotel,3
삼겹살,3
hot,3
사진작가,3
discovery,3
documentlife,3
2019ivyjourney,3
diet,3
연산동맛집,3
훈남스타그램,3
강풍주의보,3
날씨,3
산복도로,3
opera,3
연남동,3
discoversouthkorea,3
스타일,3
journey,3
후지필름,3
newyork,3
drive,3
영도대교,3
일상룩,3
래쉬가드stl,3
23,3
24,3
hiphop,3
러시아,3
keepsmiling,3
일반인모델,3
earth,3
keepwalking,3
거울샷,3
서면사진관,3
건대,3
개인출사,3
21살,3
kawaii,3
개인촬영,3
색감,3
L4L,3
no,3
아침,3
dragongate,3
diamondbridge,3
생일,3
nikond850,3
개미집,3
drawing,3
일출,3
개스타그램,3
nightscape,3
KpopChannel,3
nicetrip,3
자쿠지,3
장전동사진관,3
hotplace,3
가로수길,3
양산사진관,3
coreiadosul,3
전포바버샵,3
남포동을거니는식탐없는소식가,3
couplegoals,3
OnlyGodCanJudgeMe,3
phuot,3
루피너스플로랄스튜디오,3
island,3
루프탑수영장,3
가야,3
itsparksjoy,3
Nj,3
Nikon,3
가을수영,3
Nature,3
pinky,3
절,3
cupping,3
니콘d850,3
instagay,3
01,3
부산행,3
instafashion,3
instakorea,3
니콘50mm,3
instalove,3
부산흑백사진관,3
yoonmin,3
popdaily,3
comeback,3
instatravelling,3
polska,3
양산증명사진,3
pknu,3
improvisation,3
culturevillage,3
야경맛집,3
jiminie,3
panorama,3
MemesBTS,3
한국관광,3
후지,3
dating,3
사랑해,3
장어,3
한국여자,3
휴일,3
MemesVideos,3
사상,3
deepsleepcoffee,3
사진가,3
한국커피,3
design,3
날씨좋다,3
2019ivyitismylife,3
dark,3
남양주,3
japanese,3
가족시간,3
남포동사진관,3
persona,3
전망대,3
가을코디,3
애들레이드,3
dailyfashion,3
빈티지쇼핑몰,3
paysage,3
다이렉트,3
dailyphoto,3
애견미용,3
흑백,3
dailystagram,3
passionpassport,3
남자는니콘,3
dammam,3
인피니티풀,3
everytraveler,3
라스트커터클럽,3
온수풀,3
foodlover,3
krasnodar,3
macarons,3
송정,3
Cor,3
99년생,3
광안리파티,3
오페라,3
foodshare,3
오후,3
송정맛집,3
fortuna,3
원데이클래스,3
신기여울,3
gourmettraveller,3
신기산업,3
쇼핑,3
foodies,3
mainvocalist,3
광안리카페,3
yolo,3
market,3
유니크오브젝트,3
marinecity,3
신세계,3
광안리게스트하우스,3
mapofthesoul,3
웨이브온,3
97liner,3
DM,3
솔게스트하우스,3
follower,3
오오티디룩,3
솔게스트하우스광안점,3
kpopshoutouts,3
maknae,3
foodblog,3
got7,3
온양온천,3
khobar,3
lovefamily,3
BangtanSonyeondan,3
BangtanBoys,3
헬스,3
용궁사,3
lcc,3
그림,3
스시,3
스트릿룩,3
BAAM,3
Army,3
lifeis,3
lifeinluxury,3
금정구여권사진,3
gimhae,3
스튜디오,3
girlfriend,3
lgbtq,3
go,3
goforfun,3
헤이든,3
lastcutterclub,3
혼밥,3
동백공원,3
데일리룩코디,3
Busanfood,3
구제,3
순천,3
Bulletproof,3
BoyWithLuv,3
latte,3
logo,3
lodz,3
latergram,3
행사,3
올어바웃니콘,3
슈프림,3
BigHit,3
해운대존맛,3
광복동,3
혼자여행,3
flower,3
murraybridge,3
아메카지,3
JIMIN,3
아메리카노,3
JHOPE,3
koica,3
대선소주,3
해리단길맛집,3
happytimes,3
회사원,3
이발,3
f,3
딥슬립커피,3
f4ffollowforfollow,3
Incheon,3
해변,3
선팔해요,3
museum,3
아베쎄데키즈,3
서점,3
Jimin,3
Jm,3
Jk,3
아빠진사,3
kiev,3
heritageday,3
heritage,3
핫플,3
나들이,3
JMTGR,3
인물촬영,3
경성대빈티지샵,3
kiss,3
everybodystreet,3
girls,3
health,3
myeongdong,3
mother,3
moskow,3
fallowforfallow,3
habanera,3
Fotos,3
육아,3
공연,3
haedungyonggungsa,3
haedongyonggungsatemple,3
더골프쇼,3
FFF,3
F4L,3
대한민국구석구석,3
memesbts,3
fishmarket,3
F4F,3
더베이,3
유즈드,3
7s2,3
홈트,3
5Thmuser,3
해운대술집,3
happybirthday,3
고양이식탁,3
morning,3
familyphotography,3
koreagram,3
mondayphoto,3
Hh,3
고양이는사랑입니다,3
고양이발자국,3
대전,3
드로잉,3
mirror,3
koreanboy,3
김해공항,3
김해,3
셀카그램,3
4일차,3
koreangirlinmelbourne,3
광안리게하,3
balloons,3
coffeestagram,3
캐릭터마카롱,3
sculpture,3
부산서면,3
부산센텀맛집,3
tripkorea,3
tree,3
bwphotography,3
saxon,3
cestovani,3
부산스냅,3
traveltolove,3
saudi,3
Trip,3
맛집투어,3
집밥,3
Ulsan,3
seascape,3
waveoncoffee,3
taipei,3
wave,3
busantower,3
V,3
secondhand,3
taehyungv,3
taehyungsexy,3
txt,3
풍선,3
selstagram,3
풍경스타그램,3
tae,3
YOLO,3
Yg,3
집,3
bexco,3
캠핑,3
바람대박,3
thegoodlife,3
rollei35,3
celebration,3
rooptoppool,3
theglobewanderer,3
맛부,3
travelinsider,3
wheretonext,3
sa,3
Th,3
부산여행추천,3
커플스타그램,3
thangaroundtheworld,3
문,3
travelshot,3
부산시,3
바버,3
증명사진잘찍는곳,3
바버라이프,3
ask,3
samara,3
canada,3
asiatrip,3
sand,3
welivetoexplore,3
박지민,3
탐론70200,3
tbt,3
직장인,3
직장인스타그램,3
warsaw,3
biznes,3
seventeen,3
부경대빈티지샵,3
부산국제영화제2019,3
boston,3
벡스코,3
star,3
voirlemonde,3
aimmie,3
면도,3
specialty,3
btsimagines,3
airplane,3
부산가족사진,3
메이크업,3
southkoreatrip,3
visuals,3
brunch,3
voyageursdumonde,3
먹스타,3
visiting,3
부부스타그램,3
visit,3
부부,3
출장,3
팔로워,3
viaggio,3
southaustralia,3
팔로우환영,3
부네치아,3
viaje,3
videobts,3
멋스타그램,3
voyager,3
초량,3
shave,3
sts,3
busancity,3
부산돼지국밥맛집,3
wandering,3
busanbeach,3
aphotoaday,3
범어사,3
wander,3
부산데이트코스,3
맥도생태공원,3
shotoniphone,3
카메라무거워,3
폐막식,3
studio,3
범일동맛집,3
청주,3
펫,3
streetsnap,3
부산대우정사진,3
부산대사진관,3
adelaide,3
streetpics,3
streetphotographers,3
부산대가족사진,3
book,3
부산네일,3
bookcafe,3
부산남포동,3
먹,3
친스타그램,3
adventures,3
with,3
tamron70200,3
timotheechalamet,3
restaurant,3
reflection,3
bakery,3
thisiskorea,3
주말그램,3
reizen,3
totolotek,3
rejse,3
wonderful,3
부산타워,3
relaxed,3
backpackers,3
코엑스,3
beard,3
tourist,3
bar,3
cmbyn,3
wroclaw,3
bangtanarmy,3
wowtoplay,3
SEUL,3
traveldiary,3
worldheritage,3
SeokJin,3
부산투어,3
Seul,3
부산파티,3
좋반테러반사,3
필라테스숲,3
profille,3
timoth,3
workout,3
부산증명사진,3
timeless,3
cityview,3
traditions,3
travelgirl,3
barbering,3
retrip,3
부산카페추천,3
travelaround,3
theking,3
poznan,3
yeongdo,3
미러리스가필요해,3
barberlife,3
맑은날,3
coffeeroaster,3
Repost,3
bahrain,3
ulzzanggirl,2
어라이크,2
ulzzangfashion,2
양정역4번출구,2
kpoptour,2
명지맛집,2
ulzzangcute,2
양정맛집,2
양정,2
jagalchimarketbusan,2
데스막투,2
베스트루이스해밀턴호텔,2
streetlevelphotography,2
ulzzangasia,2
승일희망재단,2
남포동카페,2
supergrover,2
슴둘,2
스파이더맨,2
supersunny,2
streetlife,2
스페셜티커피,2
lbjsaxophone,2
야마하,2
명소,2
tourkoreamurah,2
ishimori,2
신라대,2
시험끝,2
시티오브스타,2
야외촬영,2
식단조절,2
studytrip,2
기장모텔,2
studyinKorea,2
l4like,2
시바견,2
kuanlin,2
ulzzangs,2
sucle,2
명지국제신도시맛집,2
laiguanlin,2
iphonesia,2
tower,2
기장군,2
travelawesome,2
버억,2
범일동,2
itaewon,2
기장미역,2
jagalchi,2
양산옷가게,2
시라,2
기부런,2
urbanstreetphotography,2
기념품샵,2
isutapic,2
남포동이레즈미,2
스트릿,2
단청,2
베스트루이스해밀턴호텔광안점,2
likeit,2
국제금융센터,2
군만두,2
억새,2
굿샷,2
멍뭉이,2
likeme,2
스냅촬영,2
귀걸이,2
미술관,2
낫개맛집,2
souvenirshop,2
스누피,2
봉사활동,2
볶음밥,2
메이친,2
낫개마카롱,2
낫개테마거리,2
travelaroundtheworld,2
instatraveling,2
미미랜드스튜디오,2
동래읍성역사축제,2
traveladdict,2
네일아트,2
국보미역,2
너무좋아,2
livestreamer,2
southindianz10thanniversary,2
내사랑,2
littlebellows,2
liveinKorea,2
liveandstudyinKorea,2
traveland,2
국보미역국,2
술집,2
눈썹문신,2
숲,2
낫개,2
그르나슈,2
어라이크커피,2
suwon,2
liburanserukorea,2
starbucks,2
urusvisakorea,2
liburanmurahkorea,2
liburan,2
travelasia,2
미친식도락,2
stormy,2
어블리,2
strawberry,2
urusvisa,2
lensculture,2
어묵,2
lemonadeandlenses,2
스토어팜,2
iphoneography,2
데프타투,2
스위트,2
복숭아파블로바,2
도끼808커피,2
그림자,2
도연이랑데이트,2
instatrip,2
도시,2
도끼카페,2
스물둘,2
어우름,2
vacationmode,2
stage,2
도끼,2
다누비열차,2
다다리오,2
lifeisgood,2
복숭아,2
보쌈,2
보름달,2
기장숙소,2
덕천,2
kpopkorea,2
theusualitems,2
다이어터,2
꿀잼,2
traveltoKorea,2
대구맛집,2
kimchi,2
travelstagram,2
바게트제작소,2
tent,2
다이아몬드타투,2
jichangwook,2
kids,2
다쿠아즈맛집,2
당춘전,2
jikookforever,2
다회용카메라,2
뮤지엄다,2
꿀맛,2
kissmeagain,2
keepfilmalive,2
kodak200,2
아름다운,2
애견놀이방,2
taste,2
kookmin,2
남천,2
발광,2
tattooart,2
반찬배달,2
꾸꾸닭,2
아미,2
밀양순대돼지국밥,2
jejuair,2
threadedition,2
tea,2
반려묘,2
반려동물,2
아웃도어라이프,2
kdrama,2
travelustcouple,2
물집사,2
jungkookff,2
thefountcollective,2
jungjooim,2
단청원피스,2
themotherhoodanthology,2
jststudio,2
travelinbusan,2
thegolfshow,2
아파트,2
아티스트,2
아트,2
아트포스터,2
jkimagine,2
thehavenway,2
theheartfulphotogs,2
travelguide,2
jungkookimagine,2
jungkookimagines,2
아이스버킷챌린지,2
아이스버킷챌린지런,2
kbbq,2
jiminbts,2
문스시,2
thankyou,2
travellingwithkids,2
문현바이브,2
바다미술제,2
문현카페,2
달달구리,2
jiminimagine,2
아이스아메리카노,2
thebloomforum,2
justgoshoot,2
당일치기,2
바다사진,2
아이폰7,2
jazzsaxophonist,2
trazymemories,2
kpopfff,2
남포동반영구,2
japa,2
미디어파샤드,2
tourgram,2
ultimate,2
travelcommunity,2
길냥이급식소,2
싸늘,2
김민근맛집,2
길고양이급식소,2
더골프쇼in부산,2
ullzang,2
japanesetattoo,2
댕댕이,2
대한민국넘버원골프박람회,2
김치찌개,2
twotattoo,2
심플유즈필름카메라,2
심플유즈,2
koreanlook,2
sweetescape,2
백패킹,2
명지오션,2
신세계센텀,2
jakarta,2
덕포맛집,2
덕포,2
신세계센텀시티,2
덕천맛집,2
koreastreet,2
신혼,2
jalanjalankorea,2
기장호텔,2
명지오션시티,2
t,2
실습중,2
tabinikki,2
japanpassionista,2
써니백패킹,2
jazzsaxophone,2
아들,2
남포동눈썹문신,2
korealandscape,2
koreakpop,2
애견놀이터,2
koreafood,2
대저생태공원,2
00,2
꼼장어,2
모자조심,2
takemeback,2
traveldestination,2
lomo,2
koreaautumn,2
아들맘,2
몽환,2
아들바보,2
tripkoreamurah,2
koreanactor,2
tv데프,2
아갈어터,2
turkoreamurah,2
대학생골프동아리,2
tteokbokki,2
tailand,2
대학생골프,2
tojsoupanoramata,2
jasatripkorea,2
다렉,2
koreanaesthetic,2
koreanculture,2
깡통시장,2
애견호텔,2
taipeitaiwan,2
travelcouple,2
koreanbbq,2
koreanbarbecue,2
술,2
먹방스타그램,2
lomography,2
강아지스타그램,2
부산영화제,2
레인보우케이크,2
oppa,2
wine,2
미라클365,2
runstagram,2
windy,2
wind,2
부산영도,2
맛있는한잔,2
obloha,2
강풍,2
ollahotel,2
ry,2
s,2
official,2
맛저,2
럭셔리웨딩,2
삼락생태공원,2
삼정타워,2
organic,2
부산옷가게,2
부산외대,2
oryukdoskywalk,2
부산일상,2
부산이레즈미,2
pancakes,2
rice,2
rigoletto,2
사상맛집,2
paketwisatakoreamurah,2
rili,2
paketmurahkorea,2
감독,2
로모필름,2
로모그래피,2
사진맛집,2
rock,2
감성카페,2
로또,2
wisatamurahkorea,2
ourlastday,2
romantic,2
sakhalin,2
삼진어묵,2
사랑,2
갤러리카페,2
부산신상카페,2
부산시청,2
부산시민기자단,2
서면MINI,2
sashimi,2
netflix,2
neonnoir,2
neon,2
서면네일,2
부산스튜디오,2
nrc,2
맛집해운대,2
라이트룸,2
naturelovers,2
거제,2
라운딩,2
서면술집추천,2
saxophonist,2
narcism,2
namsantower,2
saranghaeyooppa,2
saranghae,2
sarahsuhairi,2
부산애견미용,2
상하이,2
새벽,2
새우구이,2
맛집김민근,2
nopainnogain,2
색소포니스트,2
러블리슈즈,2
색소폰,2
색소폰연주,2
맛집리뷰,2
부산여대,2
생일케이크,2
맛집부산,2
nikeplus,2
nike,2
samsung,2
sanbokroad,2
부산애견호텔,2
개인작업,2
로스터리,2
로스터리샵,2
서면옷가게,2
pictures,2
불금,2
yoonseok,2
마들렌,2
pinkmuhly,2
youthkorea,2
pink,2
youtube,2
부산타투수강,2
yss82zr,2
pictureoftheday,2
부산커피,2
리미떼두두,2
pictorial,2
리골레토,2
purple,2
pics,2
yamahasaxophone,2
picnic,2
부산타투,2
pusannationaluniversity,2
produce101season2,2
불고기,2
마라톤,2
plogging,2
부산해운대,2
yeungnam,2
마린시티동물병원호텔,2
portrai,2
마린시티동물병원,2
부산항,2
부산흑백사진,2
부전시장,2
powderbrowskorea,2
부크,2
pretty,2
primorskiykray,2
polishgirl,2
privatetourkorea,2
부산핑크뮬리,2
pohang,2
마린시티PC방,2
pnu,2
분식,2
photospot,2
부산캠핑,2
parkhyatt,2
reading,2
가을풍경,2
가을하늘,2
가을향기,2
롱코트,2
가족스타그램,2
부산촬영,2
workshop,2
pd101s2,2
부산책방,2
빌라호누,2
queerbrunch,2
부산전시,2
worklife,2
부산재즈,2
reisegschichten,2
woodstone,2
partydress,2
parkhyattbusan,2
relax,2
로우앤스윗,2
가을축제,2
permanentmakeupkorea,2
pet,2
petstagram,2
가을골프,2
부산칵테일바,2
부산카페투어,2
가을바람,2
가을밤,2
quotes,2
브라질,2
브런치,2
yamaha,2
가을신상,2
rainbowcake,2
rainroom,2
가을엔,2
마카롱맛집,2
비숑,2
마카롱이벤트,2
비숑프리제,2
루게릭요양병원건립,2
막걸리,2
겉바속초,2
게임,2
villahonu,2
man,2
부산남포,2
marinecityah,2
sitatabts,2
손그림,2
marathon,2
skin,2
skincare,2
부산기후행동,2
skyscraper,2
광안리데이트,2
makaron,2
부산광역시,2
voyaged,2
부산관광시민사진기자단,2
광안리데이트코스,2
makgeolli,2
광안리밥집,2
smile,2
votd,2
광안리사진관,2
marriedlife,2
속눈썹,2
vscogram,2
singapore,2
부산대학교,2
공복유산소,2
vyhled,2
부산대카페,2
metal,2
부산대중앙동아리,2
부산대운동동아리,2
소소한행복,2
부산대운동,2
memories,2
소주한잔,2
vscokorea,2
silhouette,2
silla,2
소품샵,2
mediumformat,2
소풍가는날,2
meat,2
mean,2
광안리중국집,2
부산관광시민사진기자,2
mimiland,2
구남로맛집,2
송정호텔추천,2
lovetotravel,2
먹방하는타투이스트,2
수고하셨습니다,2
lovely,2
수원,2
괴정마카롱,2
lovebycathydoll,2
sopranosaxophone,2
구독,2
송도스카이워크,2
수제반찬전문점,2
동물병원,2
lossofinfection,2
수플레팬케이크,2
visakorea,2
visajalanjalan,2
lonelyplanet,2
동래읍성축제,2
vip,2
송정호텔,2
송정해수욕장호텔,2
songjeong,2
visualsoflife,2
송도해상케이블카,2
yokohama,2
송상현광장,2
부산공방,2
부산고양이,2
동의의료원,2
macaronart,2
먹방유튜버,2
soju,2
부산갤러리,2
solotravel,2
송정모텔,2
luxurywedding,2
luxuryispersonal,2
동의과학대,2
vladivostok,2
송정서핑,2
vjj,2
송정숙소,2
부산대학교골프동아리,2
shopping,2
겟올라잇,2
water,2
딸기케이크,2
seaweedsoup,2
부산빈티지샵,2
music,2
waterboyy,2
딸기소다,2
석양,2
sel,2
선물,2
부산베타,2
고등학교,2
mua,2
watchthisinstagood,2
부산백패킹,2
선암사,2
부산반찬가게,2
맞팔선팔,2
watchcollector,2
고3,2
wannaoneindonesia,2
mvmproduction,2
my,2
mybangtanboys,2
부산사람,2
라떼맛집,2
망미동,2
결혼,2
nails,2
부산송정호텔,2
부산송도,2
nailart,2
nagtan,2
mytrip,2
떠돌이집사,2
way2ill,2
mytravelgram,2
mystyle,2
mylove,2
망미동카페,2
서면핫플,2
딸바보,2
seascapephotography,2
경암체육관,2
wannaone,2
부산모델,2
miniclub,2
골프박람회,2
디벨롭커피로스터스,2
센텀시티맛집,2
shoot2kill,2
골퍼,2
센텀신가야밀면,2
센텀신세계,2
shootermag,2
minimalism,2
골프동아리,2
셀기꾼,2
부산맛집투어,2
골프사랑,2
골프스타그램,2
골프시즌,2
골프용품,2
골프의모든것,2
골프클럽,2
골프패션,2
부산동물병원,2
shootitwithfilm,2
디엉스타그램,2
miracle365,2
부산동아리,2
센텀맛집,2
motorcycle,2
wannablesmalaysia,2
디카페인,2
wannablesindonesia,2
wannables,2
설빙,2
sexyjungkook,2
wannablemalaysia,2
sfs,2
wannableindonesia,2
shanghai,2
성공적,2
부산마카롱맛집,2
wannable,2
부산러닝크루,2
mond,2
디저트숲,2
ship,2
고양이집,2
부산밀면맛집,2
네일스타그램,2
busanfamilyphotographer,2
커플,2
Koreatravel,2
backpacking,2
Kyungsung,2
한식당,2
한식,2
족발,2
LexisBusan,2
원두납품,2
원두문의,2
babygirl,2
foodstyling,2
LexisKorea,2
LexisSeoul,2
한복,2
babor,2
웨나여행그램,2
Like,2
cliff,2
Koreans,2
존맛,2
friend,2
fukuoka,2
좋아요테러,2
fujic200,2
운동스타그램,2
할매가야밀면,2
좋반댓,2
Kdrama,2
할로윈,2
clearskies,2
Konkuk,2
balgwang,2
french,2
clams,2
classic,2
존맛탱,2
bag,2
awesome,2
LiveAuthentic,2
foodbeast,2
하이킹,2
유부초밥,2
coffeeithouse,2
coffeelover,2
유산소,2
하플리,2
flf,2
유주얼아이템스,2
fishnchips,2
학생골프동아리,2
collectibledesign,2
fish,2
유튜버,2
Nampo,2
유튜버데프,2
fineartphotography,2
colorsplash,2
학생골프,2
autumnsea,2
aviationspotting,2
follow4followback,2
aviationspotters,2
following,2
aviationspotter,2
Lookin,2
한국인,2
MAULENFILM,2
aviations,2
follow4follow,2
키즈카페,2
웨이브온커피,2
aviationphotos,2
aviation,2
유기견봉사활동,2
유니크트렌치,2
제철반찬,2
Maximalia,2
우정,2
choryangibagugil,2
좋은날씨,2
중앙동아리,2
해운대스타그램,2
goodday,2
golfer,2
Follow,2
쥬쥬봉,2
올라호텔,2
해운대숙소,2
커핑,2
커피맛집,2
중앙동맛집,2
goingout,2
gogohanguk,2
해운대밥집,2
goblintour,2
해운대바버샵,2
옷스타그램,2
온천천,2
해운대아우디,2
옹기마을,2
해운대파스타,2
guanlin,2
callmebyyourname,2
해운대해수욕장맛집,2
오키마카롱,2
Daddarioreeds,2
해운대피시방,2
cam,2
해운대초밥,2
해운대양과자점,2
해운대일식,2
해운대와인바,2
candidchildhood,2
goodweather,2
beautifulplace,2
온어시즌,2
Exclusive,2
중국,2
해운대밀면,2
chinatown,2
Jhope,2
항덕스타그램,2
용두산공원,2
JST엔터프라이즈,2
gaybrasil,2
항덕,2
bankook,2
garmin,2
핫플레이스,2
gaythai,2
주말여행,2
chimmy,2
game,2
KAKAO,2
우리집,2
gallery,2
galaxynote8,2
developpcoffee,2
요즘,2
catlover,2
완전한세상,2
해운대모텔,2
HAEUNDAE,2
해운대메이친,2
해운대먹방,2
와인,2
catofinstagram,2
HaifaStreet,2
HaifaStreetMovie,2
해산물,2
Hallyu,2
해운대동물병원,2
해운대가볼만한곳,2
center,2
beachgirls,2
케이블카,2
외국인모델,2
fineart,2
타투배우기,2
asus,2
anastasiakhan,2
프랑스,2
UniversityinKorea,2
일상기록,2
VSCOcam,2
WIDEANGLE,2
일상인스타그램,2
anastasiakhanphotograpy,2
ananti,2
dailygram,2
analogphotography,2
WorldPremiere,2
일스타그램,2
darkblueandmoonlight,2
파라다이스호텔,2
You,2
일출스타그램,2
UPGA,2
dailyfoodfeed,2
포항,2
트레킹,2
apple,2
인천,2
플라스틱,2
프리미엄반찬,2
일광카페,2
ThugLife,2
프로혼밥러,2
일러스트,2
daejeon,2
프로필,2
anime,2
eatyourseoul19,2
dadaepo,2
트렌치코트,2
animalhospital,2
dystopia,2
일탈그램,2
dragqueens,2
퇴근길,2
팬케이크,2
펫스타그램,2
amazing,2
페이촬영,2
afternoon,2
장림마카롱,2
파스텔스튜디오,2
파크하얏트부산,2
자연,2
dongbaekpark,2
airpods,2
자연훼손,2
팔로우미,2
developcoffeeroasters,2
digitalart,2
alike,2
자화자찬,2
dok2s808coffee,2
자갈치시장맛집,2
a7r3,2
장생포고래문화마을,2
포토스팟,2
포스터,2
입시,2
door,2
파블로바,2
장어구이,2
doom,2
addictedheroin,2
deathmetal,2
파스타,2
adidas,2
dearphotographer,2
자갈치,2
deathcore,2
자갈치맛집,2
dongnaeeupseonghistoryfestival,2
apprentice,2
StudyKorean,2
타투수강모집,2
fashionblogger,2
competition,2
computer,2
concert,2
을숙도생태공원,2
을숙도핑크뮬리,2
음료,2
태권도,2
fartoodope,2
윤희에게,2
하단,2
asianboys,2
의리,2
PC카페,2
arts,2
artistrystudio,2
artgallery,2
commercialdesign,2
육아스타그램,2
fan,2
filter,2
colourfulstreetart,2
Note10,2
타투수강생,2
asie,2
유피지에이,2
OLLAHOTEL,2
하단카페,2
하단마카롱,2
filmkorea,2
정연희,2
filmsnap,2
filmphotographer,2
filmmama,2
태국음식점,2
filmlife,2
comment,2
PeoplesCreatives,2
이기대,2
epic,2
Seomyeon,2
exploreeverything,2
이시모리,2
전지훈련,2
Sea,2
전정국,2
이자카야,2
cruise,2
Silverstein,2
전포동마카롱,2
피드,2
피곤해,2
전신샷그램,2
curve,2
armenia,2
플로리스트,2
인스,2
creativeminds,2
전포동맛집,2
coreanos,2
fallinginkorea,2
필름현상,2
familyphotographer,2
필름카메라,2
familygoals,2
필름색감,2
필름사진여행,2
전포술집,2
cozy,2
피자,2
cozybookstore,2
fabinkorea2019,2
이로스타일부산,2
arte,2
전포동옷가게,2
createexplore,2
이병주,2
해운대호텔,2
cheese,2
alikecoffee,2
추억만들기,2
bikinvisa,2
illuminatechildhood,2
191012,2
책방골목,2
영화포스터,2
여유로운주말,2
호텔웨딩,2
추억,2
busanfilmphotographer,2
haveaniceday,2
busanfilmfestival,2
영화의바다,2
bikinvisakorea,2
혼술,2
처마,2
98도씨,2
heaven,2
busancoffee,2
ihavethisthingwithfloors,2
추어기,2
혼자아님,2
hi,2
highschool,2
1dsmark2,2
84kg,2
홈트레이닝,2
hike,2
책,2
April,2
bluesky,2
busanhotel,2
헬스장,2
헬스타그램,2
bien,2
출근길,2
booklover,2
bonding,2
오늘도,2
hanriver,2
ilsan,2
캐릭터,2
busanphotographer,2
bigbang,2
hanyang,2
happly,2
창원,2
15k,2
ilovethebeach,2
busannampodong,2
협찬문의,2
168,2
168계단,2
busanjazz,2
186cm,2
bladerunnerrealworld,2
happytime,2
bnwphotography,2
illustration,2
홍이스냅,2
화덕피자,2
힌여울마을,2
building,2
budha,2
honeymoon,2
hongdae,2
buatvisakorea,2
30대여성의류,2
buatvisa,2
30대,2
체육분과,2
체중감량,2
체크네일,2
20191012,2
hostel,2
btslove,2
훈남,2
btsvideos,2
2moons,2
hotelstars,2
hotelwedding,2
blackpink,2
20대,2
21,2
여행중독,2
houses,2
hyatt,2
blimey,2
20대여성의류,2
blacpink,2
청사포카페,2
여행스냅,2
busancinemacenter,2
bulgogi,2
hiltonbusan,2
birthdaycakes,2
카페어블림,2
5thmuster,2
1박2일,2
history,2
blueboat,2
여행기록,2
영도보안관,2
화이팅,2
hobi,2
iger,2
busananimalhostipal,2
busanaircruise,2
흉터커버,2
40대여성의류,2
40대,2
여행블로거,2
황령산,2
black,2
blackandwhite,2
여행블로거채디디,2
bunny,2
blue,2
연제구청,2
icebucketchallenge,2
촬영신청,2
오늘은,2
18살,2
btsedit,2
핸드메이드,2
Busantrip,2
오버핏트렌치코트,2
inspirationcultmag,2
취미생활,2
gwanganlli,2
hairstyle,2
beyondthewanderlust,2
bossam,2
inspiration,2
boyforfent,2
10042019,2
cafebase,2
찐만두,2
Beach,2
bread,2
indiantravelsquad,2
오랜만에,2
커버업타투,2
bellelumiere,2
haeundaerestaurant,2
haedongtemple,2
haedongyonggungtemple,2
haeundaecafe,2
bw,2
buuc,2
참,2
browslabkorea,2
byungjoo,2
cablecar,2
에그타르트,2
오륙도,2
haewoondae,2
쫀득한마카롱,2
businesstrip,2
c200,2
힐튼부산,2
bellelumieremagazine,2
업가,2
에이드,2
해풍산수,2
bieber,2
busansouthkorea,2
00년생,2
오뎅,2
gut,2
차이나,2
bookshop,2
bichonfrise,2
incheon,2
10월,2
boyfriend,2
힐링여행,2
02년생,2
borahae,2
india,2
치킨,2
belieber,2
먹을복만땅,1
범어사카페,1
보기만해도흐뭇해,1
모두해서5만원,1
번개,1
멋있다,1
팔레드시즈,1
텐풍사진,1
버터플라워,1
보수동,1
모듬회,1
모닥불,1
버터와플,1
먹스패치,1
팔로미,1
치팅데이,1
멋지당,1
보고싶어,1
카카오프렌즈스토어롯데백화점부산본점,1
버진로드,1
텐풍샷,1
보라색,1
멋진날,1
파스타맛집,1
모래사장,1
토마토파스타,1
멋집,1
모니터로찰칵,1
모노,1
보고싶다,1
모델김중렬,1
파스텔뮤지엄,1
먹을만함,1
보는맛먹는맛,1
테이블세팅클래스,1
보더콜리,1
모녀여행,1
텐트,1
테라스,1
먹자골목,1
팔선생,1
번대기,1
카츠,1
모든인증은,1
테라맥주,1
범방동카페,1
팔핑거마린,1
카카오트리작가,1
보라딱,1
카스텔라,1
테디베어,1
모델촬영,1
먹태구이,1
팜랜드,1
치탄,1
모든매력,1
파티케이크,1
모든지맛있다,1
모듬스페셜,1
텐풍,1
카카오프렌즈스토어,1
모델출사,1
파크하얏트앞,1
명지카페,1
모기,1
친구랑여행,1
칠레,1
파라다이스호텔부산,1
명동,1
명란계란말이,1
칠성횟집,1
카라멜마끼아또,1
베이커스,1
멘토,1
베스킨라빈스,1
트래킹,1
메이크업스타그램,1
파라다이스호텔조식,1
베베유찬,1
트레이더스,1
명장동카페,1
메이친마린시티점,1
파라핀크림,1
메이언니잡화점,1
베이커리,1
명국핫플,1
친환경오아시스,1
명국맛집,1
친정천국,1
파도소리좋다,1
파도소리,1
파나소닉,1
티라미슈,1
베스트루이스헤밀턴호텔,1
특수헤어,1
면접,1
특수머리,1
특성화고,1
베이지,1
파라다이스부산,1
친한동생,1
명국네일,1
면상,1
친구하자,1
멜버른,1
명지국제신도시,1
메론,1
보고만있어도행복해,1
카린영도플레이스,1
카레맛집,1
명지오션시티네일,1
카리스마,1
토요일오후,1
토요일수업,1
명지오션시티마카롱,1
명지오션시티카페,1
명지오션카페,1
벨크로스니커즈,1
메디치,1
명지핫플,1
벽화,1
명지핫플레이스,1
카스,1
변신후,1
명품bae,1
변호사,1
별,1
벡스코맛집,1
멍게전,1
토요일저녁,1
토요일출근,1
명지네일,1
법교육,1
베이컨,1
명지네일맛집,1
투겟투유,1
범죄와의전쟁,1
메그네이트,1
파마,1
명지스타필드,1
베트남,1
멍뭉미,1
명지스타필드맛집,1
친구들이랑,1
명지에서,1
통영며느리,1
멍때리기,1
통영,1
모르는남정네가사진작가였군,1
바람아멈추어다오,1
카패,1
미포끝집,1
코디스타그램,1
코덕스타그램,1
믹싱젤,1
캔들공방,1
코덕,1
케익만들기체험,1
민락동,1
캔들피자,1
민락카페,1
민소연,1
민트초코,1
케이오지,1
케이스키링까지,1
밀면스타그램,1
발렸다,1
캔들피자클래스,1
반팔,1
케언즈,1
밀치회,1
밀크티,1
캠퍼,1
밀톤,1
컴과고향목축제,1
미포카페거리,1
코리아요리아트아카데미,1
바,1
코마린,1
밤줍기체험,1
캐논색감,1
콜라두병시켜서,1
콘크리트공작소,1
미술반재,1
콘로우,1
밤바다,1
미숫가루,1
밤거리,1
미숫가루라떼,1
미용인그램,1
미저리,1
미츠3단계,1
코카콜라,1
미키시완,1
코즈,1
코젤다크,1
미팅,1
코스모스,1
미포,1
밝은색감,1
코마린2019,1
캔들,1
컴과고,1
캠핑클럽,1
밤하늘,1
커피로스터,1
커스터드레이어드케이크,1
바다보니깐좋다,1
바질크런치베이글,1
바다뷰,1
커피는괜츈,1
커피그라인더,1
커플티,1
바다앞에서,1
바위,1
바다야기다렷,1
바다좋아,1
바다투어,1
바베큐,1
커플클래스,1
커트코베인,1
커플여행,1
바리톤윤오건,1
바닷길,1
커튼콜,1
커플룩,1
바람좀그만,1
커플데이트,1
바람이장난아님,1
박람회,1
박물관,1
반재,1
커피메이커스,1
컬러풀크레용,1
바가지,1
반영사진,1
바게트,1
컬러그레이딩,1
반사,1
캡틴아메리카,1
캣스타그램,1
바나나가득,1
컨테이너선,1
컨셉촬영,1
커리,1
커미스미스,1
커버업,1
커피프론트부산,1
반달맨션,1
반갑다,1
바다미술제2019,1
커피프론트,1
박태환,1
커피박물관,1
박찬열,1
커피밀,1
콥스하버,1
미숙이라떼,1
버블흑당콜드브루,1
뱀타투,1
탄생,1
뱀도안,1
무서워요,1
카페루프탑,1
무섭,1
백호상회,1
바람은거의태풍급,1
카페소품,1
무스푸딩,1
백패커,1
무습솜,1
카페신기여울,1
무크커피클럽,1
백팀,1
묵은지전문점,1
백종원,1
타짜원아이드잭,1
문교고체물감,1
문라이프흑백사진관,1
타임캡슐,1
백수여행,1
문의주세요,1
배우,1
태교여행2일차,1
뱅갈고양이,1
타이빈,1
카페롱사무소,1
모여가,1
모이다아트협동조합,1
버버리자켓,1
모해나키친,1
몬테로네,1
몸스타그램,1
카페가고싶다,1
태풍전야제,1
몽도르카페,1
카페다온나루,1
몽돌스타그램,1
태풍관광,1
몽블랑,1
태우형간보다강제소환,1
카페더파리스,1
태릉,1
버드힐바버샵,1
버드힐,1
카페라떼,1
무대,1
무드,1
무료관람,1
무보정,1
배스낚시,1
카페신디시스,1
콧구멍에바람넣기,1
미고랭,1
방울토마토파스타,1
미국,1
미니꽃다발,1
미드나잇인파리,1
미드나잇패션,1
방울토마토,1
방랑벽,1
크리스탈가든,1
방글라데시음식,1
크로스필터,1
크라상,1
카페트럭,1
방글라데시,1
퀴어,1
카페퍼스널,1
퀘르치올리,1
쿠오리노부산,1
밥집,1
미래문화재,1
칵테일,1
쿠오리노,1
콩스버그,1
콩밭에,1
크리에이터,1
클래식,1
타워마브러스,1
방콕,1
키카,1
카페오니,1
배불er,1
문화양곱창,1
물떡,1
카페오마커,1
배부르다그램,1
물오뎅,1
배꼽시계,1
배경,1
카페전찬,1
키즈앤페밀리,1
카페정원,1
방타나소난단,1
카페쥰,1
뭐없음,1
키즈앤패밀리,1
키,1
카페촐로,1
뮤지컬,1
뮤지컬배우꿈나무,1
클러스터라운드,1
카페탐방,1
카페류빈,1
피겨스케이팅,1
먹스타맞팔,1
허심청브로이,1
동래아이스링크,1
동래맛집,1
행복한주말보내세요,1
향목축제,1
향수,1
동래네일,1
동래구,1
행복한시간,1
허심청브로이옥토버페스트,1
헤라,1
동네투어,1
동네카페,1
동경밥상,1
헤라메이크업아티스트,1
동래예쁜카페,1
행복한부모님아래서자란막내딸이여서감사한,1
팜파스,1
햇살맛집,1
해피케이투어,1
동부산cc,1
동백이발관,1
핵피곤,1
핸드메이드관광상품,1
햇볕은쨍쨍,1
동물,1
행복한,1
동묘어딘가에서찍은사진,1
동래파전,1
동래타투,1
동래카페,1
행복이덕분에호강중,1
행복하네요,1
돌풍,1
돌잔치헤어,1
돌잔치메이크업,1
데일이,1
도둑산책,1
형부랑언니랑조카랑,1
호리페니스,1
호시차케이크,1
도,1
호접란,1
데일리픽,1
돈벼락,1
데일리스타그램,1
데일리메이크업,1
호캉스,1
호키츠네,1
호키츠네해운대,1
호텔1카페,1
도란도란두리소,1
도리마을,1
현대카드단편영화,1
도시농가코페,1
도시풍경,1
도야램,1
현대미술관,1
도자기페인팅,1
현대미술,1
도촬,1
헤이즐럿라떼,1
독박탈출,1
독서왕로카,1
독스타그램,1
돈가스,1
돈까스,1
돈많은백수를꿈꾸며,1
동생찬스,1
해피북스데이,1
동아리모임,1
해운대마카롱,1
디엠,1
디엉,1
디디투어,1
디노브런치,1
등심,1
등산친구,1
해운대문스시,1
드로잉카페,1
해운대밀면맛집,1
해운대바,1
등산스타그램,1
등산그램,1
해운대분위기좋은곳,1
드림씨어터,1
디자이너,1
디자인케이크,1
해운대노을,1
해운대남자머리,1
디저트그램,1
디저트맛집,1
해외그림책,1
해양자연사박물관,1
해시태그,1
해상케이블카,1
디즈니,1
디즈니빌런,1
디즈니악당,1
해산물조아요,1
해물찜,1
디카페인카페,1
딜라이트,1
드림성당,1
드레스,1
동영상스타그램,1
동진상선,1
해운대책방,1
동해바다,1
해운대펍,1
해운대핫플,1
동해남부선,1
동해남부,1
해운대화랑,1
해운대스시,1
해운데,1
해질녘,1
해질무렵,1
해파게티,1
해파랑길,1
해풍,1
돼지김치찌개,1
두들,1
두레라움,1
해운대역,1
두루미st,1
두번째술집,1
두번째청춘,1
두술,1
두툼왕돈까스,1
둔산동,1
해운대여행코스,1
드라이브샷,1
드래곤백,1
드랙쇼,1
드랙퀸,1
드레드,1
드레드락,1
호텔의횡포,1
호텔조식,1
호피네일,1
다대포행열차,1
다리가길어보이게찍는법,1
다리,1
흑인머리,1
흔남,1
흔녀,1
다둥이맘,1
흔스타그램,1
다,1
희야,1
다대포노을,1
희요미,1
다대포네일,1
흰여울길,1
히츠마부시,1
다리보라,1
다미안해,1
흑당라떼,1
다시구월,1
다시오고싶었어,1
다시오니반갑네,1
다온,1
다온나루,1
다온나루10월,1
다온나루공연,1
다온나루일상,1
휴포레맛집,1
휴식,1
휴무,1
휴가중,1
휴가스타그램,1
다큐멘터리,1
다꾸,1
니콘의시선,1
훈녀,1
노을맛집,1
놀이공원,1
놀사람연락해,1
놀러가자,1
녹차,1
녹산카페,1
힘들다,1
힙한데,1
힐링카페,1
노브레인,1
노벨평화상,1
노랭이브릿지st,1
노래,1
노는게조아,1
넷플릭스,1
놀이기구,1
놓고싶음,1
누나가쏠게,1
눈,1
눈싸움질수없솜,1
힘든인싸의길,1
눈썹견,1
눈앞에바다,1
뉴시니어,1
뉴시니어모델,1
뉴욕피자,1
뉴클로드,1
니르,1
힐튼,1
니콘d750,1
힐링힐링,1
힐링타임,1
다크브라운,1
후후랩,1
데이리,1
환경공학과,1
화양연화,1
댄서,1
대회,1
화이트,1
화이트와인,1
환경,1
환경이벤트,1
대연동네일,1
환경해양대학,1
대포렌즈,1
황룡산야경,1
황태미역국,1
대연동맛집,1
회가달다,1
화성,1
화보,1
화려한네일,1
더레이지캣,1
홍이1010,1
홍매화,1
더워요,1
더치커피,1
홈카페,1
홈네트워크시스템,1
혼자여행하는여자,1
덕천타투,1
혼자놀다,1
혼자,1
덮밥,1
혼여행러,1
혼여행,1
회사모임,1
대연동,1
단체모임,1
달맞이카페,1
후지카메라,1
당리맛집,1
담다흑백사진관,1
닭꼬치,1
달토당,1
달무리,1
달맞이길,1
대연,1
달리기,1
달동네,1
후쿠오카의,1
달님,1
단합회,1
단풍,1
당충전,1
후식스타그램,1
후식,1
대구바,1
대구뽈찜,1
효탄,1
대구카페,1
대구탕,1
대단해,1
회식스타그램,1
회식,1
대독장,1
대동병원,1
대박,1
대방어,1
회센터,1
회사회식,1
해맑아,1
딩가딩가콘서트,1
따듯한,1
맘스타드램,1
플레이텔링,1
플레인,1
플로깅,1
맛따라멋따라,1
플리마켓,1
피겨,1
맑음,1
피규어카페,1
피겨꿈나무,1
말티즈,1
말차,1
치킨윙,1
만석공원,1
만만통영존,1
맛섬,1
플래그,1
플라워케이크,1
맛있겠다,1
맛있는부산,1
맛있는음식코로먹기,1
플라워그램,1
플라스틱줄이기,1
맛있다그램,1
플라스틱제로,1
프리젤,1
맛집그램,1
프리랜서의삶,1
프리랜서,1
프로필사진,1
프로즌브라이드,1
프레스트,1
피곤한로카,1
피드꾸미기,1
맛찬들왕소금구이,1
필름감성,1
마천루,1
필라테스,1
마지막일정,1
마이펫,1
필름,1
마음부자,1
마산로봇랜드,1
만두맛집,1
마산,1
마블,1
필름사진,1
마린피시방,1
마린씨티,1
마린시티피시방,1
피카소,1
피제리아다문,1
피엘라벤클래식,1
피시방,1
피쉬앤칩스,1
피드정리,1
마카롱카페,1
마카롱케이크,1
막걸리그램,1
막걸리로,1
피드맞추기,1
막스타,1
피드도배,1
막스타그램,1
만두,1
만두국,1
만두내기,1
프랑스유학,1
맛탕,1
필름어타임,1
머리카락휘날리며,1
펫시터,1
펭카롱,1
평온속강풍,1
먹물,1
먹기아까워,1
평온의시간,1
평택,1
폐막작,1
머리식히기,1
머리스타그램,1
머랭쿠키,1
맨날먹는것만잘하지,1
맥주축제,1
폐막일,1
펜션,1
페이필드바이메리어트부산,1
펌킨타르트,1
퍼펙트맨,1
먹방그램,1
퍼스널,1
팽이만들기,1
팬텀,1
패피,1
먹방인증,1
패션피플,1
먹방투어,1
패션모델,1
패밀리타임,1
패디아트,1
먹부림,1
패디네일,1
맥심드파리,1
포메,1
망고바나나,1
망원렌즈,1
맞팔반사,1
맞팔댓글,1
맞팔댓,1
풍원장고기정찬,1
프라한,1
맞좋,1
프랑스어,1
매직아워,1
망미동맛집,1
프랑스어강의,1
망미동공방,1
프랑스어공부,1
프랑스어학원,1
망미단길,1
풍림당,1
맞팔선팔환영,1
맞팔요,1
맞팔은댓,1
풀프레임,1
풀메이크업,1
푸딩,1
매너,1
폴바셋사랑,1
폴바셋,1
포트비어페스타,1
포코폰F1,1
매듭,1
매실에이드,1
매실차,1
포차,1
매주,1
마린시티야경,1
핑크뮬리축제,1
해리포터,1
락휴,1
한우뭉치,1
래갤러리,1
한일부부,1
랑데부드부산,1
랑그독,1
람브루스코,1
라자냐,1
라비드아틀란호텔,1
라이트룸프리셋,1
한일커플,1
한화리조트,1
라이카SL,1
라움건축,1
할로윈네일,1
랜드마크9,1
한우등심,1
한우,1
한옥카페다온나루,1
러너,1
한옥카페,1
러브스타그램,1
한옥,1
한상우,1
한복모델,1
럽슈,1
레게머리,1
레드와인,1
한번도경험하지못한호텔,1
레디움,1
레알불나씀,1
레이크커피,1
할로윈네일아트,1
라비드아틀란,1
레지아노,1
딸바보아빠,1
또,1
떡볶이,1
떡,1
합정,1
딸이랑데이트,1
딸스타그램,1
핫플카페,1
라발스호텔,1
딸둘맘,1
항해사,1
해결,1
해리단길마카롱,1
따뜻한커피한잔,1
따뜻한차,1
또가고잡다,1
또가자,1
합격,1
함께의가치,1
뚜미니,1
뚜벅이여행,1
뜀박질,1
라떼,1
라떼가맛있는집,1
함께라서,1
라룸,1
함께,1
라마다앙코르해운대,1
할아버지댁,1
라메르플라워,1
라멘,1
라면,1
한리버,1
한끼스타그램,1
핑크부케,1
하단5일장,1
리틀플래닛스튜디오,1
리트리버,1
리터치,1
리타,1
리젠트,1
리복싱,1
리마인드웨딩,1
루프탑바,1
하단네일,1
하단동,1
르메마켓,1
류빈커피,1
류빈,1
룸업그레이드,1
리허설메이크업,1
하늘파크,1
립,1
링링과함께,1
마가린상점,1
하늘찍기,1
하고,1
마그네틱,1
마그넷,1
하객패션,1
하객룩,1
하객,1
핑크핑크해,1
핑크색,1
마리아유치원,1
마린PC방,1
마린PC카페,1
하라네코,1
하론테라스,1
로또879회,1
한국문화,1
학교폭력예방,1
한국건축문화대상,1
롱디친구들,1
롯데월드타워,1
롯데백화점부산본점,1
로쓰오브인펙션,1
한국사회,1
루프탑,1
로사의하루,1
한국역사,1
로봇랜드,1
한국음식,1
한껏,1
로또맛집,1
하하하하하,1
롱사무소,1
롱사무소오션시티점,1
하트주세요,1
하트반사,1
하트,1
하이웨스트,1
하이어뮤직,1
루나요트,1
하우스안경,1
하우스브랜드,1
하비기스,1
하바네라,1
하루에한번헛탕,1
하루,1
루비빛,1
루어낚시,1
보수동책방골목,1
얼짱,1
보이나내발끝,1
시트보강,1
술스타,1
우리집고양이,1
우리집말썽쟁이,1
우리형아는사람들은다내손님,1
우마미,1
순대전골,1
순대,1
수학여행,1
운동기록,1
수채화,1
운동습관,1
수족관,1
운동일지,1
수제맥주,1
수제매실청,1
우리왕자림,1
우리둘이서만,1
술안주,1
우리가족사랑해,1
스냅포토,1
우나쥬,1
우니,1
우동,1
우디고차일드,1
우리,1
슈퍼맨자세로,1
우리돼지국밥,1
슈퍼맨자세,1
슈웅,1
슈가스크럽,1
우리글방,1
쉑쉑버거,1
우리동네,1
수이살롱,1
운동하는직장인,1
운동화,1
워커힐에스톤하우스,1
쇼미젤,1
울아부지,1
쇠고기,1
울어무니,1
울짱,1
워라밸,1
송정카페,1
울산왁싱,1
워홀,1
원가닭한마리국수,1
원데이클래스는,1
원두,1
원목,1
원조언양불고기,1
울산중구,1
울산속눈썹,1
운스타그램,1
수영구생활문화센터,1
운전중잠시정차,1
운치,1
울산눈썹,1
수오재,1
수영팔도시장,1
수영역카페,1
울산눈썹문신,1
수동,1
수영구,1
수영,1
수변최고돼지국밥,1
수변공원,1
수민이네,1
수목금,1
용인맛집,1
용인,1
스누피언니,1
스페셜만만대해,1
시간,1
옷,1
습관,1
슬림일자,1
스페이스단단쥰,1
옷은이쁨,1
스페셜,1
시그니쳐메뉴,1
스펀지,1
와,1
스파게티,1
와우라바이올렛,1
와우와우케이크,1
스트리트포토그래퍼,1
올블랙코디,1
시나몬탕수육,1
스튜디오촬영,1
시메사바,1
온천장,1
시원하다,1
시완미키,1
시어머니와며느리,1
시사회,1
시미즈,1
시마아지,1
시노베,1
올라프,1
시드니,1
시니어모델,1
시니어,1
올리브영,1
올블랙,1
스트레스해소,1
왁싱,1
용내투어,1
요코하마,1
외식,1
요리,1
요리그램,1
요리스타그램,1
요리하는남자,1
스와네일,1
요트경기장,1
스카이전망대,1
요트탈래,1
욕뿐,1
용,1
스마일,1
스니커즈,1
용궁치즈,1
스윗밀크티,1
외로움,1
완벽핏,1
왜그러구자니,1
스태프,1
왕자,1
스타필드,1
스타일링,1
스타일그램,1
왕자림,1
스타벅스광복로r점,1
스카이하버전망대,1
스타벅스,1
외국모델,1
스콘,1
스케치북,1
외국어,1
외국어공부,1
원피스,1
월간임희영,1
월내,1
설치미술,1
세상가장멋진신랑,1
세번째서랍,1
세미나모임,1
성안동,1
이기대공원,1
이기대해안산책로,1
이누키,1
세이블포메라니안,1
설스시,1
이달의아트,1
이디야,1
이디야커피,1
선팔환영,1
이런데도와보네,1
세상가장아름다운신부,1
세컨페이스,1
이럴때만은아니고,1
센스무엇,1
음식명소,1
음식스타그램,1
센텀시키신세계,1
음악회,1
센치한척,1
센척안해,1
센스,1
이것저것여쭤보니쉐프님이다음번쿠킹클래스초대해주심,1
세화해수욕장,1
세화해변,1
세컨페이스부산대,1
의미,1
이가네떡볶이,1
이것이바로,1
이런여유,1
이레즈미,1
센텀쥰,1
서울개촌놈,1
석고방향제,1
이인간또시작이네,1
서울순두부,1
이제는,1
이제추워,1
서울살이,1
이진,1
석대,1
서울가기싫다,1
이탈리아,1
서울가기3시간전,1
인도,1
인도네시아,1
서비스마케팅과,1
석기시대,1
이의주연출님,1
선팔맞팔환영,1
선생님,1
이마트트레이더스,1
이발후,1
이번주는너다,1
이번토요일일요일휴무,1
이벤트가많은부산,1
이벤트아트,1
선박기관사,1
석불사,1
선물상자,1
이쁜내새끼,1
이쁜카페,1
이쁨,1
선글라스,1
이연우,1
센텀시티뷰,1
센텀카페,1
송어회,1
유럽,1
위장술,1
유기견,1
손거울,1
속상해,1
유달리서면점,1
속눈썹펌후기,1
속눈썹펌잘하는곳,1
웨스틴부산,1
유럽바리스타자격증,1
속눈썹펌,1
속눈썹연장,1
유럽여행,1
소화된다,1
소프트웨어과,1
웰니스,1
솔노바,1
유월커피,1
웨딩메이크업,1
월내라떼,1
송도해수욕장,1
송도케이블카,1
웨딩,1
웨딩드레스,1
송도구름산책로,1
웨딩스튜디오,1
솔드아웃,1
솔탭하우스서면,1
웨딩컨셉,1
웨딩헤어,1
솔탭하우스,1
솔리드잉크,1
웨딩화보,1
유비네,1
유자차,1
센텀호텔,1
셀피스타그램,1
소고기말이찜,1
소고기,1
소가예진이따라와요,1
셜리,1
셋이왔는데사진은둘뿐,1
셀픽,1
육아소통,1
유튜브에,1
셀카놀이,1
윤준환,1
셀부림,1
으녕콩,1
은행나무,1
셀,1
소고기철판볶음면,1
소녀,1
소품튜어,1
소우주,1
유재중국회의원,1
소통그램,1
유치원,1
유카로오토모빌,1
유투디자인,1
소울아트스페이스,1
소방구급,1
유튜브,1
소방관,1
소방공무원,1
소방,1
소맥,1
소니이미지갤러리,1
소니미러리스,1
시작,1
온더테이블,1
서면화덕피자,1
옥주부의카페,1
안성팜랜드,1
여행의끝,1
안성,1
여행의이유,1
여행이좋다,1
안녕,1
여행자,1
안경,1
여행자들,1
여행좋아,1
여행중,1
악세사리,1
아프로,1
아포카토,1
연극,1
여행을떠나요,1
안주가다맛남,1
여행은좋네요,1
앙드레빌레,1
여행그림,1
여행기,1
여행마지막날,1
애견동반식당,1
여행사진,1
여행사진가,1
여행에세이,1
여행은언제나옳다,1
암부케,1
앓아눕겠어,1
알바스타그램,1
알리앙스프랑세즈,1
알렌관,1
알그레이,1
연기,1
연기자,1
아트샤워,1
연화리카페,1
연영과,1
아인슈페너,1
연청바지,1
아이폰x,1
아이폰se,1
연화리,1
열심히,1
아직,1
아이패드,1
아이조아,1
아이와여행,1
아이엠어파일럿,1
아이스티,1
아이스크림,1
아저씨씨앗호떡,1
연안식당,1
아트네일,1
아침운동,1
연날리기,1
연산동,1
아쿠아환타지아,1
연산동공방,1
아쿠아리움,1
아카데미,1
아침식사,1
연세대학교,1
아침바다,1
아침메뉴,1
연산동맛집추천,1
아직제주도남았다,1
아직안먹어봄,1
연산동청담,1
여행그램,1
애기김밥,1
여행괴담,1
에르메테,1
없을거같아,1
어제,1
엉덩이아퍼,1
어블림마카롱,1
에그인헬,1
어블림,1
어밤부,1
업무일지,1
어반레코드,1
에밀리아로마냐,1
에버랜드,1
어린왕자,1
어린시절,1
어른이,1
어탕국수,1
엄마와,1
에이드비추,1
엄마랑미술,1
얼쑤동래,1
얼짱여자,1
얼마만인지,1
얼그타그램,1
엄궁카페,1
엄마,1
언양불고기,1
어탕밥,1
엄마랑여행,1
언니랑,1
억텐,1
어피치카페,1
엄마손파이,1
어플의힘,1
에어팟,1
어디서,1
여행가고싶다,1
야경스타그램,1
야외스냅,1
야외상영,1
여미,1
야식스타그램,1
여보미안,1
여성전용,1
여우부산,1
야타이,1
여우여행기,1
애플워치4,1
애프터눈티,1
여유롭다,1
여자,1
애절한눈빛,1
여명,1
양곱창,1
양조절실패,1
엣지993,1
에이치어스커피,1
에타플러스,1
엔포,1
엘레베,1
엘사,1
엠마,1
양산인더숲,1
양념톡톡,1
엣찌맘,1
여기가천국인가,1
여니,1
양산도,1
양산,1
여름휴가,1
영국인,1
영도다리,1
영도사파리,1
싫어요,1
십년만에,1
오마카세,1
오마커,1
오마커앤쿠키스,1
심심한대학생,1
심심,1
오매족,1
십분만에클리어하고,1
실시간송정바다,1
오봉마차,1
실습기관사,1
오붓한여행,1
실물이더이쁜데,1
실망,1
오리엔트타투샵,1
싱글오리진,1
실땋기,1
쏘맥,1
씨푸드페스타,1
씨푸드,1
씨앤트리,1
씨애틀,1
씨앗호떡,1
쓰레기,1
썬글라스,1
싱글원두,1
오렌지,1
쌩얼주의,1
오륙도스카이워크,1
쌩쌩바이크,1
쌀쌀,1
싹비움,1
실루엣,1
실기,1
오디션,1
옥주부,1
오트밀미니바이트,1
신발신은몽돌이,1
오티코티,1
신랑,1
오향장육,1
옥상뷰,1
신기숲,1
신부,1
옥주부그램,1
식케이,1
식사후,1
옥주부의일상,1
식분도영,1
식당,1
오트밀,1
오키드바버샵,1
신혼집인테리어,1
오션뷰,1
신혼일상,1
신혼스타그램,1
오빠,1
신혼데이트,1
오사카,1
오션맛집,1
신선대,1
신상,1
오션시티맛집,1
오쇼언,1
신생아,1
오신욱,1
신생갤러리,1
오오티티,1
오라고하면좀온나,1
아기,1
영도술집,1
영화데이트,1
아빠엄마가미안,1
아빠쉬는주말,1
영선꼼장어,1
영어그림책,1
영운중,1
영화는체력,1
영화의거리,1
영도해녀촌,1
아빠사랑해요,1
아빠,1
아미맞팔,1
아몬드,1
아모레퍼시픽,1
영화추천,1
영등포,1
아쉬움,1
예니티비,1
영도커피,1
아이랑,1
아이디어스,1
아웃핏,1
영도이자카야,1
영도축제,1
아웃도어,1
아웃닭,1
아시아드시티,1
아울렛도좋아,1
아우디,1
아아,1
아시아드시티작가,1
아시아드시티웨딩촬영,1
영도핫플,1
아리아,1
예레반,1
아기모델,1
오늘의점심,1
아동미술,1
아담한,1
오늘수업네타임,1
오늘운동회잘했냐,1
아님,1
아난티,1
아나고,1
아동추상화,1
오늘의훈남,1
오늘하루도감사,1
아껴주는사람들,1
오들오들,1
아기자기카페,1
아기성장카드,1
오고싶었어요,1
옛날돈까스,1
예비부모를위한,1
아름다운부산,1
아름다웠던너와나,1
아름다워,1
아름다운여행추억,1
네일리스트,1
예뻐라,1
예뻐요,1
아르메니아여행,1
예튼실괴롭히는게세상에서제일재밌는,1
아르메니아,1
아들은학원,1
예쁘노,1
예쁘다,1
아들은,1
예쁜,1
서면희야,1
서면핫플레이스,1
보정,1
부산한정식,1
중년모델,1
부산영도해녀촌,1
부산연산동맛집,1
중앙동술집,1
부산연극,1
부산역관광지,1
즐거운부부,1
즐거운아침,1
즐거운주말,1
즐거움,1
즐겁게,1
부산여행맛집,1
즐겁다,1
즐기다,1
지구,1
중국어가이드,1
중구,1
부산오랜만이야,1
부산요리,1
부산은행조은극장1관,1
부산은옳다,1
부산은,1
주차장,1
죽,1
부산으로,1
죽성,1
중고명품,1
줌인샷,1
부산외대카페,1
줍줍,1
중,1
부산와인바,1
부산와인,1
지금이딱좋아요,1
지나가는길에,1
부산어묵,1
부산스시추천,1
진짜,1
진한,1
부산스파르타짐,1
집에서,1
집으로고고씽,1
부산스콘맛집,1
부산순대,1
부산시립미술관,1
집이최고,1
부산숙소추천,1
짜장면,1
짤랑이,1
부산수제맥주,1
짬뽕,1
부산시고등학교추천,1
부산시메사바,1
지난여행,1
지민이,1
지난추억,1
지니,1
지면모델,1
지민아,1
부산알리앙스프랑세즈,1
부산아이가,1
지아,1
부산시민공원,1
부산아우디,1
부산씨안녕,1
지아의코리아투어,1
지창욱,1
부산시민맛집,1
직장스타그램,1
부산을사랑하는이유,1
부산을숙도,1
주차,1
부산케이크,1
조커,1
조형물,1
족발맛집,1
존마탱,1
부산쿠키맛집,1
부산쿠키,1
부산컴퓨터과학고등학교,1
조선호텔,1
부산커피박물관,1
부산캔들,1
부산캐릭터마카롱,1
존멋,1
졸업작품전,1
좀,1
조선화로집부전점,1
부산특성화고,1
부산칠순잔치,1
조개구이촌,1
젠틀맨,1
부산한식,1
부산하늘이쁨,1
젤,1
젤네일,1
젤라또,1
조개야조개야,1
조선보석세트,1
부산필수코스,1
부산피자맛집,1
부산피자,1
부산피맥,1
부산플라워케이크,1
조립,1
좋네,1
부산취미,1
부산음식,1
부산이달의아트,1
주말축제,1
부산일출,1
주말출근,1
부산이좋타,1
부산이색카페,1
주부그램,1
부산이다,1
주말아가지마,1
주부스타그램,1
주스,1
부산의밤,1
주여니랑,1
주영훈작가,1
부산의남산타워,1
주말엔맥주안주,1
주말스타그램,1
부산출사,1
부산집,1
부산최고,1
좋반환영,1
좋아요맞팔,1
부산체고,1
부산챔버뮤직소사이어티,1
좋아요짱짱,1
부산진구맛집,1
좋튀,1
부산진구,1
부산조선화로집,1
좋은사람들과함께,1
부산전망좋은카페,1
부산전경,1
좋테,1
부산서점,1
쪽빛,1
부산생일케이크,1
추상미술,1
촬영지,1
부산과울산사이,1
부산공연,1
촬영회,1
최공이닷,1
부산경남플라워케이크,1
부산강아지,1
총잡이,1
부산강서구카페,1
부산강서구마카롱,1
추억의달동네,1
부산감성,1
추운날엔국물,1
추워,1
부산관광상품,1
촐로,1
부산jmt,1
초보,1
초등학교,1
초딩,1
초량1941,1
부산꽃집,1
초량산복도로에있어효,1
부산극장,1
초청장,1
초콜릿쿠키,1
초코칩쿠키,1
초코쿠키쉐이크,1
부산국제시장,1
부산국밥,1
부산광안리,1
부산관광지,1
추천,1
축하드려요,1
초등맘,1
치즈박스,1
봉오리산,1
치즈떡,1
치즈떡볶이,1
볼펜그림,1
볼빨간사춘기,1
본식메이크업,1
복합문화공간,1
치얼스,1
복지에써주세요,1
복지기금조성,1
치즈케이크,1
치콜,1
복숭아스무디,1
보트투어,1
치위생사,1
치맥,1
부산3대스시,1
출장가능해요,1
출근,1
부부여행,1
출근중,1
출사모델,1
출월,1
부모님,1
부마항쟁40주년,1
취향저격,1
부대,1
출판회의,1
춥답,1
취미로사진찍는여자,1
취미사진사,1
취업,1
부산나폴리피자,1
부산남자머리,1
부산생생정보통맛집,1
부산민족예술대동제,1
부산백패커,1
창원속눈썹펌,1
창원카페,1
부산바다축제,1
채널,1
채디디,1
부산문회회관,1
부산버터크림플라워케이크,1
부산모임장소,1
부산모임,1
책냄새,1
책방,1
처가,1
부산맛집베스트,1
창문,1
참치회,1
처음가는부산,1
부산사진,1
부산상견례장소,1
쫄보고양이누굽니꽈,1
부산산복도로,1
부산사진동호회엔포,1
부산사진동호회,1
찍스타그램,1
찜질방,1
참치뱃살,1
차규선,1
차라리말을하지말던지,1
차성문화제,1
부산빵집,1
차이나타운,1
참치,1
얼죽아,1
천국의계단,1
초대개인전,1
부산대표관광지,1
청말띠,1
부산돌잔치,1
청바지맛집,1
청사포다릿돌전망대,1
청사포드라이브,1
청사포맛집,1
청송양곱창,1
청담,1
체력이거지,1
부산대밥집,1
체육대회,1
부산당일치기,1
체크셔츠,1
초대가수,1
청도,1
청난방,1
부산맛섬,1
천일홍꽃다발,1
천국의계단카페,1
부산맘일상,1
천마터널,1
천연염색,1
부산말고도가능합니다,1
부산마카롱케이크,1
부산렛츠런파크,1
첨성대,1
부산런린이,1
철판볶음,1
철푸덕,1
부산라이프,1
부산디저트카페,1
부산디저트맛집,1
부산한옥카페,1
부산할매국밥,1
인디밴드,1
제주도여행,1
상남,1
상견례,1
삼촌집,1
잉스타그램,1
삼정타워맛집,1
삼송빵집,1
자괴감,1
삼계동,1
자기관리,1
삼계,1
자두,1
삼각산,1
산행,1
산타헬레나,1
자매,1
상어,1
잉글리쉬불독,1
있다아이가,1
임시저장해놨던거올림,1
생일인사람은개인상,1
생일선물,1
일확적금,1
일확천금,1
임랑,1
임랑해수욕장,1
임신,1
새벽감성,1
색보정,1
색감미술관,1
새우밥,1
입학문의,1
새우,1
새알못,1
자매스타그램,1
산아래커피,1
산스타그램,1
사진소통,1
사진의언어,1
사진온도차,1
사진연습,1
잘지내나요,1
사진에미치다,1
잠못잠,1
사진명소,1
자전거,1
잠사파,1
사진댓글은,1
잠자는사진파먹기,1
잡스타그램,1
사진구도,1
장노출,1
사진입시,1
사진작가지망생,1
산부인과,1
사진투척,1
자매여행,1
자물쇠,1
산발,1
자부,1
사하구네일,1
사찰,1
자연별곡,1
자유부인,1
사진취미,1
사진촬영,1
사진채집,1
자원봉사,1
사진찍어주는,1
사진찍는놈,1
일하는여자,1
일품향,1
생일파티,1
인테리어갑,1
인스타패션,1
서면카페거리,1
인스타핫플,1
인증샷,1
서면어블림,1
인친환영,1
서면아지트,1
인스타일상,1
인테리어소품,1
서면술집맛집,1
일기,1
서면수제맥주,1
서면속눈썹,1
일란,1
서면칵테일,1
서면칵테일바,1
서면빵집,1
인생사진,1
서면피자맛집,1
인생,1
인생네컷,1
서면피자,1
서면피맥,1
인생뭐있어,1
인생샷명소,1
인스타데일리,1
서면포차,1
서면펍,1
서면타투,1
서면클럽,1
인스타굿,1
서면코너스톤,1
일레븐비스트로,1
일리네어,1
생파,1
샤이니,1
샵투어,1
일상을여행처럼,1
샥슈카,1
일상타그램,1
샤인머스켓,1
샤이엔썬더,1
샤오미,1
서동,1
샤브샤브,1
샤기컷,1
생후170일,1
생활의달인,1
생활,1
일인,1
일상스냅,1
일상소통그램,1
서면분위기맛집,1
일반인출사,1
서면버거,1
일박이일,1
서면맥주,1
서면마카롱,1
서면디저트카페,1
서면데이트,1
일본젤,1
일상소통,1
일본좋아하는사람소통해요,1
일본카페,1
서면남자머리,1
서면구워삶기,1
일상공유,1
서면4번가,1
사장님도친절,1
사이드파트,1
사우나가힐링,1
전포역,1
붓싼,1
불편한타이밍꿀잼,1
전포동피자맛집,1
전포맛집,1
전포사잇길,1
불편한타이밍,1
전포지하철7번출구앞,1
뷰,1
불우이웃돕기,1
불백,1
불멍,1
전포피자,1
불독,1
전포핫플,1
전포동피자,1
전포동카페,1
불꽃축제,1
브레인살롱,1
블랙베리,1
브리즈번,1
브루커피,1
브루라떼,1
전어,1
브로킹때문에새로써요,1
전어회,1
뷰산,1
브라운치즈와플,1
뷰티크리에이터,1
전주,1
뷰티인사이드,1
전포동술집,1
뷰트인플루언서,1
불닭볶음면,1
불꽃,1
블랙플로랄폼,1
제14회부산국제영화제,1
부전맛집,1
정작가의막걸리집,1
부산횟집추천,1
부산횟집,1
부산화덕피자,1
정형외과예약각,1
부산현대미술관,1
정원카페,1
제2회부산청소년K,1
제리,1
제사상,1
제일힘든1일1인스타,1
제자양육반,1
제주,1
정윤기,1
부전역맛집,1
절영해안산책로,1
점심스타램,1
점심메뉴,1
불국사,1
불광사,1
점심스타그램,1
분홍신투어,1
분장팀,1
점심엔밥먹자,1
부케,1
분더샵클래식,1
북카페,1
북구문화빙상센터,1
정상영업중,1
부평깡통시장,1
정우성,1
블랙푸들,1
블루보트,1
사시미,1
빵스타그램,1
뿌듯,1
뽕쓰투어,1
뽈찜,1
뽀시래기,1
뽀로로의후예,1
잿빛,1
빨미까레맛집,1
재패니즈타투,1
저게,1
빨미까레,1
빠방이,1
빠르다,1
빠꾸없는사람,1
빙수,1
뿌셔뿌셔,1
사,1
저녁노을,1
장안사,1
사상타투,1
사상카페,1
사상주례,1
장봉우네,1
사보겠다고,1
장수통닭,1
사랑은지옥에서온고양이,1
사격,1
장어덮밥,1
사까에,1
사과향,1
장어탕,1
장인정신유림시,1
재밌다,1
빔프로젝터,1
빌드펌,1
블루보트게스트하우스,1
비상,1
전복죽,1
비스타워커힐,1
전복해물뚝배기,1
전시일정,1
전시추천,1
비상카페,1
비빔밀면,1
비싼쓰레기,1
비박,1
비리야니,1
비룸,1
블루보트남포점,1
블루보트남포,1
블루보트게스트하우스남포점,1
전복미역국,1
비쌈,1
저녁시간,1
비프와따,1
저녁식사,1
저미짱,1
전국꿈나무피겨스케이팅대회,1
빈티지38,1
전국대회,1
비행기,1
비프광장,1
전복,1
비프,1
비치코밍,1
전망,1
비지찌개,1
비율똥망,1
비아토르,1
아름다운여자,1
tricha,1
네일끌리다,1
exploreindonesia,1
e웰니스갤러리,1
eztravel,1
eyes,1
eyelash,1
eyebrow,1
exploring,1
explorers,1
explorepage,1
exploremore,1
exploreasia,1
f4,1
experience,1
expensive,1
expat,1
exol,1
exhausted,1
exercise,1
example,1
ewellnessgallery,1
ewellness,1
e웰니스치과,1
f4l,1
everland,1
fancam,1
fashionmodel,1
fashioncode,1
farsi,1
farfromhome,1
fantasy,1
fantastic,1
fanfikbts,1
fanfiction,1
fanfic,1
famous,1
fabric,1
familytravel,1
familyguy,1
familygirl,1
familyfun,1
fallow4fallow,1
fallow,1
fallfashion,1
faceyourfear,1
fabriclove,1
everydaylife,1
europe,1
drinkswithaview,1
dzerzhinsk,1
editskpop,1
editsdojimin,1
edits,1
editbyme,1
edge993,1
eatmylocal,1
eatfatwithcat,1
earthpix,1
earings,1
dvacosplay,1
eel,1
dva,1
dusk,1
duringthesunset,1
dureraum,1
dune,1
dumplings,1
dul,1
dude,1
dubai,1
ediya,1
ehanbhatt,1
eulsukdoculturalcenter,1
escape,1
eulsukdo,1
eu,1
etudehouse,1
etenplusjeparlefran,1
etaplus,1
estrangeiros,1
esperanzacafe,1
esperanzaR,1
eslteacher,1
eos200d,1
eleve,1
environment,1
englishbulldog,1
end,1
emotional,1
emma,1
elsa,1
elioperlman,1
elioandoliver,1
elio,1
fashionweek,1
fatosjikook,1
feelthemoment,1
fotografie,1
frenchgastronomy,1
freinds,1
freelancer,1
free,1
freckles,1
francecoree,1
fox,1
foundation,1
fotografin,1
fotografia,1
freshair,1
fotograf,1
fotofanatics,1
foss4g,1
fornewparents,1
foreverjikook,1
forever,1
forest,1
foods,1
foodphotogrpahy,1
frenchrestaurant,1
fridaynight,1
felicetravels,1
funday,1
gaming,1
gamergrill,1
gamergirl,1
gamer,1
gamcheonvillage,1
gamble,1
g,1
fyi,1
funweekend,1
fullmoon,1
friedns,1
fukushima,1
fuji,1
fruitpie,1
frozenbride,1
fromyg,1
fromstreetwithlove,1
fromMyCarWindow,1
friendshipsacrossborders,1
friendships,1
foodphoto,1
foodography,1
foodlovers,1
fireworksfestival,1
floof,1
floits,1
fleamarket,1
flatwhite,1
flashbackfriday,1
flashback,1
fitness,1
fishingVillage,1
fishies,1
finsta,1
foodlike,1
findesemana,1
filters,1
filteron4thpiconly,1
filtercoffee,1
filmmaker,1
figureskating,1
fightformyway,1
ff,1
feuerwerk,1
florida,1
florist,1
flowercake,1
flowerfestival,1
foodislife,1
foodiegram,1
foodgram,1
foodfeed,1
foodandwine,1
followtofollow,1
followforfollow,1
followers,1
fog,1
flying,1
fly,1
floweryluna,1
flowerstalking,1
flowersoftheday,1
flowersofinstagram,1
flowerslovers,1
flowershop,1
flowerphotography,1
flowergram,1
droptop,1
drinks,1
changwon,1
coffsharbour,1
commentforcomment,1
comida,1
comethru,1
colourview,1
coloursofbusan,1
colourful,1
colorgrading,1
colombia,1
coldnoodles,1
coffeevibes,1
compras,1
coffeetime,1
coffeetable,1
coffeeshops,1
coffees,1
coffeemuseum,1
coffeemaker,1
coffeelovers,1
coffeeholic,1
coffeegeek,1
community,1
concrete,1
coffeefront,1
cosplayersofinstagram,1
crafty,1
craftsposure,1
craftbeer,1
cozyhouse,1
couplephotography,1
couchsurfing,1
cottoncandy,1
cottagecheese,1
cosplaygirl,1
cosplayer,1
congratulations,1
cosplay,1
coreia,1
coreadelsud,1
cookieandcream,1
cookie,1
conveniencestoreraid,1
contemporaryart,1
containership,1
contactlenses,1
coffeefrontbusan,1
coffeedaily,1
drewhouse,1
chill,1
cinematography,1
cinemalover,1
cimer,1
christinedaae,1
christianchimchim,1
chram,1
chocolatecookies,1
chinadoyion,1
chilledday,1
chile,1
cityaspects,1
chicoespa,1
chicken,1
chic,1
cheyennethunder,1
cheonan,1
cheomseongdae,1
chefslife,1
cheesecake,1
cheers,1
ciomas,1
citykillerz,1
coffeecup,1
closingfilm,1
coffeebreak,1
coffeebeans,1
coffeeart,1
coffeeaddict,1
cody,1
cocktailallnightlong,1
cocacola,1
coastaltrail,1
cloudlatte,1
closingceremony,1
cityphotography,1
climatebusan,1
climate,1
clearsky,1
clear,1
cleanup,1
clean,1
clairelyon,1
citytour,1
cityscapes,1
crane,1
creativedirector,1
creativelife,1
dissert,1
dongnae,1
dongjinshipping,1
dongducheon,1
dongbaek,1
doll,1
dogstagram,1
documentaryphotography,1
dm,1
dj,1
disneyvillains,1
donkatsu,1
discoverearth,1
disappointed,1
directorschair,1
director,1
dilemma,1
diefrisursitztnicht,1
diary,1
diamondprincess,1
destinationearth,1
dongyoungbae,1
dontgo,1
creativelifehappylife,1
dragshow,1
drewbrees,1
drew,1
dress,1
dreiwettertaft,1
dreamscometrue,1
dreamhigh,1
dreamcatcher,1
dramakorea,1
drakor,1
dragqueen,1
dontknowher,1
dragons,1
dragondiffusion,1
dragonbag,1
dragbrunch,1
drag,1
dot,1
doritos,1
doommetal,1
doodle,1
designcake,1
desert,1
descanso,1
cutecouples,1
daehyun,1
dadepo,1
d850,1
d750,1
cyberpunkseoul,1
cyberpunkreality,1
cyberpunkphotography,1
cyberpunkkorea,1
cyberpunkcity,1
cuteboys,1
depressed,1
cut,1
cups,1
culturalvillage,1
cultural,1
crueltyfree,1
crowdfunding,1
crossiant,1
cronicasdeningunaparte,1
creativity,1
dailycat,1
dailylife,1
dailymakeup,1
dailysnap,1
dentalhygienist,1
dental,1
delight,1
degu,1
dbd,1
dayoff,1
dayinthelife,1
daydream,1
day5,1
day3,1
day,1
dawn,1
daughter,1
dashataran,1
dasha,1
darkbluekiss,1
daonnaru,1
daltodang,1
daiso,1
gampangterbangsesukamu,1
gangneung,1
gapyear,1
instayummy,1
iphoneXR,1
iphoneX,1
iphone8plus,1
ios,1
inuki,1
internationalfilmfestival,1
internationalfamily,1
interiorphoto,1
interior,1
instatravels,1
iphonese,1
instatemple,1
instasingapore,1
instapet,1
instapassport,1
instantes,1
instamovie,1
instameetulaanbaatar,1
instajob,1
instaindonesia,1
iphonegraphy,1
iphonography,1
instagrammer,1
itwillbeokay,1
jaileybieber,1
jailey,1
jagalchifishmarket,1
jagalchifestival,1
iu,1
itzymidzy,1
itzy,1
itxsemaeul,1
itx,1
italiangirl,1
iphonx,1
italianboy,1
italian,1
it,1
istimetogotravel,1
isaaclion,1
isaac,1
irezumitattoo,1
irezumi,1
ipone,1
instagrammers,1
instagramers,1
garyvee,1
ilovecinema,1
imissmybaby,1
imagineyourkorea,1
imaginesbts,1
imagines,1
imaginebts,1
imagine,1
ilovemini,1
ilovekoreasupporter,1
ilovekorea,1
ilovebusan,1
independent,1
illust,1
ilinskiy,1
ikon,1
iheartsouthkorea,1
igtravel,1
igtones,1
igsg,1
iglove,1
iglike,1
in,1
indi,1
instafoodie,1
inhome,1
instafollow,1
instafamous,1
instadog,1
instacraft,1
instacool,1
instacafe,1
innisfree,1
inkorean,1
ink,1
infobeasiswa,1
indian,1
influencer,1
infj,1
infantcare,1
ineedhealing,1
indozonetravel,1
indiefilm,1
indiantravellers,1
indiantravelblogger,1
indianfood,1
jalgachimarket,1
jangsanmountain,1
janicegunner,1
kdramaleaker,1
kickstarter,1
khabarovsk,1
kgsp,1
kfw,1
keyring,1
key,1
kekoreaaja,1
keepitsimple,1
keepgoing,1
kdramaactor,1
kidsartclass,1
kckaptures,1
kbeauty,1
kawaiistuff,1
katztattoo,1
kaswat,1
kanghaneul,1
kakaofriends,1
kacchibiriyani,1
kacchi,1
kid,1
kimdongrak,1
japanesegirl,1
kodavatraveler,1
korail,1
kookv,1
kooktae,1
kookminisreal,1
kookminforever,1
kook,1
konofilm,1
kono,1
kongsberg,1
kodak,1
kimmyungsoo,1
knot,1
knn야외광장,1
knn,1
knj,1
kkday,1
kkat,1
kittycats,1
kitty,1
kittiecat,1
justinedits,1
justinbieber,1
junkook,1
jeongguk,1
jikookisreal,1
jikookcouple,1
jihwa,1
jihope,1
jhs,1
jerry,1
jeonjungguk,1
jeonjimin,1
jeonjeongguk,1
jeon,1
jungkookvideos,1
jejuisland,1
jeans,1
jc,1
jazzquartet,1
jazzbar,1
jazz,1
jawabarat,1
japanesetattoos,1
japanesetattooart,1
jiminedit,1
jiminsexy,1
jiminvideo,1
jimtober,1
jungkookseries,1
jungkookie,1
jungkookfacts,1
jungkookau,1
jungdaehyun,1
jungang,1
juice,1
jonniewalker,1
jomkekorea,1
joker,1
job,1
joahgirls,1
jmyarchitects,1
jm,1
jkimagines,1
jjk,1
jjffgogokorea,1
jiznikorea,1
jinna3200203,1
igidaecoastalwalk,1
iggay,1
igfood,1
graffiti,1
grill,1
grenache,1
greenery,1
green,1
greecewho,1
greatweather,1
greatfood,1
greatday,1
great,1
gotta,1
grumpybear,1
gotsomepeopleangry,1
gothere,1
goseeplaces,1
goodvibesonly,1
goodvibes,1
goodtimes,1
goodmood,1
gooddog,1
goldie,1
groom,1
grunge,1
haircut,1
gyeongnidan,1
haewondae,1
haeundaeobok,1
haedongyonggongtemple,1
haedongyonggong,1
haebangchon,1
haare,1
h1ghrmusic,1
gym,1
gyeongridan,1
gwangbokjungangro,1
gs25,1
gwanganribeach,1
gwangandaegyobridge,1
gwangandaegyo,1
gwanganbridgenightview,1
gwangan,1
gureumcoffee,1
gukjemarket,1
guesthouse,1
guest,1
goldentime,1
goldenretriever,1
goldencircle,1
genderfuck,1
gif,1
gettingoldtogether,1
getmerried,1
getinthefamily,1
germany,1
germanany,1
geopandas,1
geojae,1
gentleman,1
genderbender,1
goldcoast,1
gelato,1
gaytravel,1
gaystyle,1
gayspain,1
gayitaly,1
gaycosplay,1
gayboy,1
gay,1
gate,1
gigayacht,1
gijangboxing,1
gimpo,1
ginger,1
gogotravel,1
godoxad600pro,1
gmtmaster2,1
glutenfree,1
gltLove,1
gloomy,1
globe,1
globalvillage,1
glasses,1
giyomae,1
gis,1
girltraveler,1
girltalk,1
girlstalk,1
girlsnight,1
girlgroup,1
girlfietw,1
girlfie,1
girlabroad,1
hailey,1
halprince,1
igerspain,1
homemade,1
hotelpool,1
hoteldelluna,1
horipenis,1
horimono,1
hongkongfood,1
hongkong,1
honduras,1
hometown,1
homesnap,1
homechef,1
hotels,1
homecafe,1
holloween,1
hokitsune,1
hodinkee,1
hobby,1
hktravel,1
hklifestyle,1
hkfoodlover,1
hkfoodieblogger,1
hotelroom,1
hotsummernights,1
hamfordsaysido,1
iSupplyMaterial,1
igersg,1
igbusan,1
igasia,1
igaddict,1
icecreamtruck,1
icapturedaily,1
iamtb,1
iamdead,1
iam,1
iPhoneX,1
house,1
i,1
hwarang,1
hustlersqaure,1
hustlergang,1
hus,1
hungry,1
huinnyeoulculturevillage,1
huaweimate20pro,1
huawei,1
hkfoodblogger,1
hkfood,1
hkblogger,1
hantan,1
happyplace,1
happyme,1
happyktour,1
happyjiminday,1
happyday,1
happybooksday,1
happybirthdayjiminoppa,1
happybirthdayjimin,1
hanulvit,1
hanoi,1
historicvillage,1
hanguk,1
hangingaroundbusan,1
hands,1
handpoke,1
handmadewithlove,1
handmadetextiles,1
handmadebabycard,1
hanbokithouse,1
hanasong,1
harajuku,1
harbor,1
harbourcity,1
hardcore,1
hiroshima,1
hipster,1
hilton,1
highviews,1
heybom,1
hera,1
hellopoukky2019,1
hello,1
heaundaebeach,1
heartbroken,1
heartbeat,1
heart,1
hdr,1
hd,1
hbd,1
hayden,1
hat,1
harrypotter,1
harrydan,1
chardonnay,1
chaeunwoo,1
네일,1
Myfriend,1
Nurse,1
Nopainnogain,1
Ninoy,1
NikonD810,1
Nightscape,1
Nampodong,1
M과,1
Myvacation,1
Mytrip,1
Mydream,1
OOTD,1
MyTravelGram,1
Murse,1
Mountaindew,1
Mother,1
MoonlitWinter,1
Moderndance,1
MobileSeoul,1
Mexico,1
Meow,1
OBONGMACHA,1
OceanFront,1
MaterialnDesign,1
Part2,1
Photosoftheday,1
Photography,1
PhotoOfTheDay,1
PhoneSeoul,1
Phone,1
Pheon,1
Periode,1
People,1
Pejuangdevisa,1
Part1,1
October,1
ParkJimin,1
Park,1
Paradise,1
Panasonic,1
PROMO,1
PCY,1
PCS,1
Overwatch,1
Output,1
MelayaniMemudahkan,1
Market,1
InstaSize,1
Jiminie,1
Korea4thtimes,1
Kolkata,1
KeepExploring,1
KUALALUMPUR,1
KTX,1
KTSonicBoom,1
KOZ,1
KBRISEOUL,1
K,1
Jiminedit,1
KoreaTourguide,1
JiminDay,1
Jikook,1
Jeju,1
Jagalchi,1
JIN,1
JIMINDAY,1
Iphone,1
International,1
Instagram,1
KoreaLovers,1
KoreaTrip,1
Marinecity,1
LifeStyleBlog,1
Makgeolli,1
Macao,1
MV,1
MUKBANG,1
Lv4,1
Lv3,1
Lv,1
LiveYourBestLife,1
LiveLoveLaugh,1
Life,1
Koreatrip,1
Lg,1
Latepost,1
Landscapes,1
LOVSHOE,1
LGBTQ,1
LA,1
Kredivo,1
Kpopers,1
Koreaview,1
PinkMuhly,1
RN,1
Reservation,1
Yongsan,1
act,1
abstract,1
ablogtowatch,1
abd,1
abalone,1
a7riii,1
a7m2,1
Zeiss2470f4,1
ZICO,1
Yongdusan,1
actor,1
Yes,1
Yeongdodaegyo,1
Yangsan,1
With,1
WinnerMobile,1
WeekendGetaways,1
Wanderlust,1
Vospay,1
Vietnam,1
acter,1
actors,1
RewriteTheRules,1
afcnet,1
airport,1
airpod,1
airplaneview,1
airmax97,1
aircruise,1
airbusan,1
aight,1
agustd,1
agency,1
advisorwatches,1
actress,1
advisor,1
advertising,1
adventurous,1
adventuretime,1
adventurerime,1
adstars2019,1
adorablerepresentativemcforyouth,1
adobe,1
actresslife,1
UnitedStates,1
UnitedNation,1
UNMemorialCemetary,1
Sculpture,1
SonyImageGallery,1
SonyA7,1
SoKor,1
Snapseed,1
Snap,1
Singapore,1
Shopping,1
SelamatLiburan,1
SecondFace,1
Scenery,1
U,1
Saturday,1
Samsung,1
SRT,1
SONY,1
SOLIDINK,1
SIKK,1
SCA,1
Russia,1
Rp,1
Sool,1
StoryOfMyLife,1
Streetfood,1
Suwon,1
Turkey,1
Travels,1
Travelling,1
TravelPhotos,1
TravelMore,1
TravelBlog,1
TravelAwesome,1
ThisIsUS,1
The,1
Thailand,1
Terbang,1
Temple,1
Taiwan,1
Taipei,1
Taipe,1
TLasia,1
THEKING2019,1
TGIF,1
Switzerland,1
Instacafe,1
InfoKorea,1
chaeryoung,1
48개월,1
6라인트리플점프,1
6dmark2,1
68동기회,1
5세맘들힘냅시다,1
5구식탁,1
5km,1
5dmarkiv,1
55mmf18za,1
4foodieforfoodie,1
4600500,1
6학년,1
43살,1
401restaurant,1
4,1
3일일정에2해수욕장,1
3년만에빠마하고가족나들이댕겨온,1
3willbefree,1
3d콘텐츠제작과,1
35mmstreetphotography,1
35mmfilmphotography,1
6살,1
70300mm,1
30대가즈아,1
9만원,1
Ansan,1
Andong,1
All,1
AlThornton,1
Akulaku,1
Adventures,1
ARIOSTEA,1
AIRASIAX,1
AHeng,1
99songs,1
70번포차,1
970901,1
95liners,1
951230,1
90dollars,1
90000won,1
8월의양,1
8698,1
7급,1
750,1
33살,1
3,1
Indonesia,1
10월축제,1
1635z,1
16,1
15000원의행복,1
14hrflight,1
1467days,1
1309,1
12mm,1
126710blro,1
126710,1
10년,1
19,1
10개월아기,1
10years,1
10thOct2019,1
1012,1
100일기념,1
1004,1
1,1
06,1
04,1
175,1
191003,1
2구식탁,1
2019fall,1
2y8m1d,1
2y8m,1
29일만에옴,1
24thbusaninternationalfilmfestival,1
24105mmf4,1
20살,1
20cm,1
2019부산국제영화제,1
2019바다미술제,1
20191011,1
191005,1
201901012,1
2018,1
2000대선,1
2,1
1초맞팔,1
1일차,1
1인분요리,1
19호,1
195,1
AnsanTicket,1
Art,1
Austria,1
FAKELOVE600M,1
Guesthouse,1
Gimpo,1
Gimhae,1
Germany,1
Gamcheon,1
GSC,1
FormatBooking,1
Fall,1
FINALCALL,1
ExploreTheWorld,1
Gwanganri,1
EkonomyHotel,1
Dubai,1
Dongbaekseom,1
Diskon,1
Day1,1
Day,1
DavidMich,1
Dance,1
Damyang,1
Guiness,1
Gwangju,1
Autumn,1
HongKong,1
India,1
InTheSoop,1
IY,1
ILoveToTravelAroundTheWorld,1
IGTravel,1
Hwaseong,1
HuaweiP30ph,1
HuaweiMobilePhotographyPh,1
Hongkong,1
Home,1
GyeongSangNamDo,1
Hawaii,1
Harga,1
HappyJiminbday,1
HappyJiminDay,1
Haewundae,1
Haeundaebeach,1
HBD,1
HAON,1
Gyeongju,1
Daltodang,1
DaejeoEcologicalPark,1
Dadaepo,1
BaoBan,1
Borahae,1
Blackandwhite,1
Biif2019,1
Biif,1
Bieberfamily,1
BestOfTheDay,1
Beomeosa,1
BeautifulDestinations,1
Beachtour,1
Bangtanboys,1
DT,1
Bangtan,1
Backpacking,1
Back,1
BUSANTOWER,1
BT21,1
BNP2TKI,1
BIFF폐막식,1
BFF,1
BEXCO,1
BravoGreatPhoto,1
Brazil,1
BucketList,1
Busan2ndtimes,1
D850,1
D5,1
CoreaDelSur,1
Corea,1
CoopHimmelb,1
Congratulations,1
Coffee,1
City,1
Cinema,1
China,1
Chimmy,1
Cheonan,1
Center,1
Canada,1
COZY,1
ButItsBusan,1
Busansoseoul,1
BusanTower,1
BusanTour,1
airreys,1
airviews,1
aisa,1
btsinkorea,1
btsmaknaeline,1
btsliejimin,1
btslfl,1
btskookmin,1
btsjikook,1
btsjhope,1
btsislife,1
btsinspainandlatinoamerica,1
btsinriyadh,1
btsinarabia,1
btsmerch,1
btsimajin,1
btsimagine,1
btshyyhpt2,1
btshyungline,1
btsgoods,1
btsflight,1
btsfff,1
btsff,1
btsfanfiction,1
btsmemes,1
btsmusic,1
btsfanart,1
btsvisuals,1
bulldog,1
bulguksatemple,1
budizm,1
budisttemple,1
buddha,1
btswishtree,1
btswings,1
btsweverse,1
btsvocalline,1
btsv,1
btsmv,1
btsunseen,1
btsshelf,1
btsrunepisode,1
btsrun,1
btsroom,1
btsrapline,1
btsparkjimin,1
btsnumbers,1
btsnsfw,1
btsfanfic,1
btsfanaccount,1
aka당리의축복,1
bonapp,1
box,1
boutiquesinlagos,1
boutiquesinabuja,1
bouquet,1
bordercollie,1
boots,1
boontheshopclassic,1
books,1
bonbon,1
bogor,1
boys,1
bogildo,1
bodycheck,1
bnwphoto,1
bnwlife,1
bluewater,1
blueboatnampo,1
blueboatguesthousenampo,1
blueboatguesthouse,1
blro,1
boy,1
bratsk,1
btsf4f,1
bstpst,1
btsedits,1
btsdanceline,1
btscollector,1
btscollection,1
btsalbums,1
btsaesthetics,1
btsaesthetic,1
bt21collection,1
bt21,1
bsn,1
break,1
brushpen,1
brunette,1
brownsugeramericano,1
brownskingirl,1
brownhandscafe,1
browneyedsoul,1
browncheesewaffle,1
brisbane,1
bride,1
bunnies,1
buoy,1
burberry,1
cairns,1
candy,1
candles,1
campingtrip,1
campingfood,1
camping,1
camp,1
cambodia,1
calming,1
callejero,1
caffedrifter,1
canonf1,1
cafesynthesis,1
caferyubin,1
caferooftop,1
cafeomaker,1
cafemiru,1
cafehopping,1
cafedeparis,1
cafecholo,1
cafeavllim,1
cannon,1
canonimagestorming,1
burncalories,1
cash,1
ceramics,1
ceramicpainting,1
celebritycruise,1
cattreats,1
catstagram,1
catsofinstagram,1
catsinart,1
catlovers,1
casino,1
casalcouple,1
canonlens,1
cars,1
carlaonvacation,1
cardfornewbaby,1
caramel,1
capturestreets,1
capture,1
capturas,1
captainamerica,1
canonphotography,1
cafa,1
bye,1
bwphoyography,1
busanclimate,1
busanhangbridge,1
busanhang,1
busangukjemarket,1
busanguesthouse,1
busanexhibition,1
busandessert,1
busancoffeemuseum,1
busancocktailbar,1
busancocktail,1
busancinemacentre,1
bwphotoclub,1
busanbridge,1
busanboys,1
busanboyfriend,1
busanblog,1
busanbar,1
busanaircrise,1
busa2019,1
busa,1
burnmagazine,1
busanharborbridge,1
busanintermationalfilmfestival,1
busaninternationalfilmfestivalBIFF,1
busanlandscape,1
bwphoto,1
buticitytour,1
buti,1
busanyeongdo,1
busanwine,1
busanuniversity,1
busantrevel,1
busantour,1
busantodaegu,1
busantemples,1
busansunset,1
busansongdobeach,1
busanseafestival,1
busansea,1
busanqueerbrunch,1
busanpizza,1
busannights,1
busannight,1
busannails,1
blondehair,1
blonde,1
blogueira,1
artyfarty,1
asien,1
asiatravel,1
asiantrip,1
asiangirls,1
asiangirl,1
asianfood,1
asianfilmmarket,1
asiagirl,1
ascent,1
artstudio,1
asyousay,1
artmaterials,1
artfedtival,1
artem,1
artbox,1
art85,1
armytour,1
armyforever,1
armiehammer,1
armieandtimmy,1
assemble,1
asyouthink,1
band,1
background2018,1
bananabusan,1
ballpointpenart,1
ballpointpen,1
balinale2019,1
balinale,1
bali,1
baki,1
bakers,1
backpaker,1
babys,1
ateez,1
baborlove,1
b1a4,1
awesomepic,1
avllim,1
avengers,1
autumnlook,1
automn,1
autmn,1
audition,1
armgirl,1
armenian,1
armbouquet,1
alone,1
amor,1
amnamdong,1
amkana,1
america,1
amazingvoices,1
amateurphotography,1
amateurphotographer,1
alternitive,1
already,1
almost,1
armani,1
almaty,1
almathuraatclothings,1
almathuraat,1
alliancesfrancaisescoree,1
alliancefran,1
allhailtheking,1
allaboutnikon,1
alimentos,1
aladin,1
amorepacific,1
amursk,1
anadyr,1
analog,1
architecturephotographer,1
architectsgroupraum,1
arainydayinnewyork,1
aquarium,1
apt,1
applewatch,1
apecpark,1
anthonyhopkinsquote,1
anthonyhopkins,1
animals,1
anhtraiyeuquai,1
angry,1
angelinuscoffee,1
angelatravels2019,1
angel,1
anewbornbaby,1
andrewlloydwebber,1
andrevillers,1
anapjipond,1
bananakorea,1
bangladeshi,1
blessed,1
bgm,1
biif2019,1
bigloveforisaac,1
bighitenterainment,1
bigcity,1
biff광장,1
biffsquare,1
bieberfever,1
bichon,1
bias,1
bfilondon,1
bildungsreise,1
bfi,1
beutiful,1
bestwaifu,1
bestsinger,1
bestoftheday,1
bestgirl,1
bestfriend,1
bestdriver,1
bercuti,1
bikinigirls,1
bingsu,1
bangladeshifood,1
blackandwhitephotography,1
bladerunnerreality,1
blackwhite,1
blacktravelmovement,1
blacktravel,1
blackpinkunseen,1
blackjack,1
blackisbeautiful,1
blackend,1
blackdress,1
biwak,1
bird,1
bivouak,1
biscoffbingsu,1
biscoff,1
birthdaygifts,1
birth,1
biriyanilover,1
biriyanilove,1
biriyani,1
birdhillbarbershop,1
beomeosa,1
believer,1
behappy,1
batikindonesia,1
beachlife,1
beachinbusan,1
beachday,1
beachcoming,1
bby,1
bbq,1
bboy,1
bay,1
battle,1
bassfishing,1
beforesunset,1
barvy,1
barbershopconnect,1
bangtansonyeodanjungkook,1
bangtanroom,1
bangtaninseoul,1
bangtanboysarmy,1
bangtanaccount,1
banglagram,1
bangladeshigram,1
beachphotography,1
beachview,1
beachwalk,1
bear,1
beertime,1
beerstagram,1
beerpong,1
beerlovers,1
beerfestival,1
beef,1
beautifulworld,1
beautifulsunset,1
beautifulplaces,1
beautifulkorea,1
beautifulday,1
beautifulcuisines,1
beautifulbusan,1
beautifulboy,1
beatiful,1
beasiswakorea,1
beasiswakgsp,1
beasiswa,1
beardoll,1
koreaSelatan,1
koreaadventure,1
koreaart,1
ulzzangcouples,1
umbrella,1
ulzzangstyle,1
ulzzangsquad,1
ulzzangoutfit,1
ulzzangmodel,1
ulzzangkorean,1
ulzzanggirls,1
ulzzangfriend,1
ulzzangdance,1
ulzzangcouple,1
urban,1
ulzzangboy,1
ultraboostuncaged,1
ultimatemini,1
ultimatehighperformance,1
ullzangboy,1
uljjanggirl,1
ulaanbaatar,1
uk,1
uglekamensk,1
unagi,1
urbanbeast,1
udurtnegzurag,1
vegansofig,1
viajeros,1
viajar,1
viacheslavblagodarov,1
vff,1
venicefilmfestival,1
venezuela,1
vegetarian,1
vegantravel,1
vegansouthkorea,1
vegankorea,1
urbanrecord,1
veganfoodshare,1
veganfoodporn,1
vegancommunity,1
veganbusan,1
vegan,1
vaycay,1
vans,1
vacations,1
vacacionesenCoreadelSur,1
udurtolonzurag,1
udon,1
travelideas,1
travelog,1
treavling,1
travelwomen,1
travelwithus,1
travelwithfriend,1
travelvlog,1
traveltips,1
travelstagramer,1
travelpic,1
travelphoto,1
traveloften,1
trickeye,1
travelmore,1
travelmobs,1
travellust,1
travellover,1
travellingwithmama,1
travellingwithavegan,1
travelislife,1
travelisamazing,1
travelinspiration,1
trex,1
tripadvisor,1
uae,1
tumblrgirl,1
typhoonjapan,1
typhoon,1
twosomeplace,1
twitter,1
tweet,1
tv,1
turkishgirl,1
turkisharmy,1
tuna,1
trust,1
triplejump,1
truelove,1
tripwithfriends,1
triptokorea,1
triptobusan,1
tripstagram,1
tripseoul,1
tripotocommunity,1
tripoto,1
tripletsBusanxJeju,1
viajes,1
video,1
videoedit,1
welcomedrink,1
whysecretarykim,1
whyilovethiscommunity,1
whitewine,1
whatveganseat,1
whatvegansdrink,1
whatsfordinner,1
westinchosunbusan,1
werkroasters,1
wellnessjourney,1
welcome,1
wig,1
wekendshopping,1
weightlossjourney,1
weightlifting,1
weekendvibes,1
weekendselfie,1
weekendsale,1
weekends,1
weddingmakeup,1
weddinghair,1
wideangle,1
wigs,1
videogames,1
woodiegochild,1
w야dding,1
wus,1
wuhangapunyadongbei,1
wristcheck,1
wowowcake,1
wow,1
worldwidehandsome,1
worldsmentalhealthday,1
worldplaces,1
wonju,1
wikipedia,1
womenwhotravel,1
womenwhoexplore,1
woman,1
woker,1
withmybae,1
wiseboi,1
winterbear,1
windyrun,1
windowview,1
wearethestreet,1
waveonroasters,1
waveon,1
vl,1
vscolike,1
vscogood,1
vscofood,1
vscofilter,1
vscodaily,1
vrew,1
volunteers,1
vocals,1
vlog,1
vitaminsea,1
watercolor,1
visualofearth,1
visualgrams,1
visual,1
visnaetrip,1
visitseoul,1
virginroad,1
vintage38,1
vilyuchinsk,1
viewpoint,1
wacom,1
waegookin,1
waitforit,1
walkingonthebeach,1
watchuseek,1
watchporn,1
watchoftheday,1
watchfan,1
watchfam,1
watchesofinstagram,1
watchesofig,1
watches,1
watchaddict,1
watch,1
wanttogo,1
wannabemodel,1
wando,1
wanderwomen,1
wanderingsoul,1
wanderer,1
wallartdecor,1
wallart,1
walkingtrails,1
travelingram,1
travelgrapher,1
koreaautumn2019,1
studyinkorea,1
sunburn,1
summerlover,1
summerlove,1
sulbing,1
suits,1
suchannel,1
styleinspiration,1
sturmwarnung,1
stunningview,1
study,1
sunsetinbusan,1
student,1
structures,1
structure,1
strong,1
streetstyle,1
streetphoto,1
streetfoods,1
streetfood,1
streetclassics,1
suncheon,1
sunshine,1
straycats,1
taehyungaesthetic,1
taeyang,1
taetae,1
taeneung,1
taejongdaepark,1
taehyungupdates,1
taehyungstyle,1
taehyungpics,1
taehyungimagine,1
taehyunghot,1
syrah,1
superyacht,1
synove,1
syktyvkar,1
sydney,1
swimsuit,1
swarovski,1
suyuk,1
sushitrain,1
supremeshutter,1
supportlocal,1
streetartincolour,1
straycat,1
travelexpresspy,1
sovetskayagavan,1
speeching,1
special,1
spb,1
spamforspam,1
spainisharmy,1
spain,1
spacemagazine,1
spa,1
soyeon,1
soutkorea,1
spicychicken,1
southport,1
southkoreantextiles,1
southasian,1
soup,1
soulartspace,1
soul,1
sos,1
sorryaboutthat,1
sonyalpha,1
speechless,1
spiderman,1
storyofthestreet,1
statuesofinstagram,1
storm,1
stori,1
store,1
stitchtopia,1
stitching,1
stitchersofinstagram,1
stitchers,1
stitch,1
stayandwander,1
statues,1
spidermand,1
station,1
stairsdesign,1
staff,1
stadium,1
srt,1
springkorea,1
spinning,1
spinach,1
spidermansuperhero,1
taganrog,1
taipeifood,1
taipeitravel,1
timothee,1
tourguideKorea,1
toro,1
tomhiddleston,1
togettoyou,1
to,1
tmoneycard,1
tmoney,1
tlcasia,1
tkikorea,1
tiketpromo,1
toy,1
tiketmurah,1
tiamo,1
thuglife,1
thor,1
thinspiraton,1
thewolfhound,1
theweeknd,1
theview,1
thetravellingnomads,1
tourkorea,1
tpsxjaTlxl,1
taiwanfood,1
traveladventures,1
travelescape,1
travelers,1
travelcouples,1
travelbusan,1
travelbusa,1
travelbug,1
travelbook,1
travelblog,1
travelalloftheworld,1
travelaccount,1
tradition,1
travelSouthKorea,1
trash,1
traintobusan,1
trainstation,1
traffic,1
traditionaltextiles,1
traditionalfood,1
traditionalcraft,1
traditional,1
thephantomoftheopera,1
thekingmoviepremier,1
thefrenchdispatch,1
tb,1
teddybear,1
teddy,1
technoir,1
techflowmarine,1
teavel,1
teatime,1
team,1
teacher,1
tbd,1
tavel,1
thefilmcommunity,1
tattoos,1
tastyfood,1
tastybusan,1
tasty,1
taran,1
taramakotana,1
tamilfilm,1
talent,1
taiwantravel,1
teddybearfun,1
tempel,1
templephotography,1
templesofbusan,1
thedevinefury,1
thebarberpost,1
theatre,1
theather,1
the,1
thanku,1
thanksgiving,1
thailand,1
textiletravels,1
textiletour,1
textiles,1
textilelove,1
textileholiday,1
textilearts,1
textile,1
terney,1
templesofsouthkorea,1
templesofkorea,1
templesofinstagram,1
xD,1
xf10,1
xiaomi,1
기장리복싱,1
긴급구조요청,1
기차시간두시간남은건함정,1
기차,1
기장핫플,1
기장읍,1
기장운동,1
기장씨앤트리,1
기장복싱,1
기장배꼽시계,1
기장까페,1
길거리,1
기장권투,1
기억에,1
기억될것,1
기분도밝아,1
기록,1
기다려,1
급만남,1
금정회,1
금정산,1
긴급구조요청기능,1
길상한옥펜션,1
금융회계과,1
김호찬,1
꽃별체험학교,1
꽃발찌,1
꽃마을,1
꽃마름,1
꽃도매시장,1
꼬치구이,1
꼬르넷토,1
껍데기,1
까페,1
김해카페,1
김삿갓포차,1
김하온,1
김포공항,1
김치찌개정식,1
김치볶음밥,1
김중렬,1
김인기,1
김이갱이,1
김영삼,1
김서정배우,1
금정구카페,1
금요일밤,1
xt20,1
구봉산전망대,1
군인,1
국제커플,1
국제바리스타자격증,1
국물이진함,1
국내여행추천,1
국내여행안내사,1
국내여행도좋아요,1
구함요,1
구천저수지,1
구봉산,1
굴요리,1
구명정,1
구름커피,1
구름에서즐겨요,1
구름사진,1
구남로,1
구경,1
교회모임,1
교사,1
광주,1
굴,1
굿독,1
금쌍마켓,1
그림같은밤,1
금손,1
금방갈게,1
금동이,1
금강공원,1
글쓰기,1
글로벌빌리지,1
그앞에잔디,1
그림책방dear,1
그림책만들기,1
그롤쉬,1
귀거래,1
그렇네,1
그랜드워커힐,1
그래그날,1
그냥고스톱이나을지도모르겠네,1
귀여워,1
귀여운엄빠,1
귀여운몽돌이,1
귀여운,1
귀거래식당,1
꽃선물,1
꽃집,1
꽃취미,1
남포역숙소,1
내년에꼭가겠다,1
내나이,1
내곁에,1
내가만들어먹는다,1
내가만드니더꿀맛,1
낮술,1
남항한바퀴,1
남항동맛집,1
남항대교,1
남포역게스트하우스,1
내년여름에가겠엉,1
남포동포차,1
남포동타투,1
남포동축제,1
남포동옷가게,1
남포동엠마,1
남포동술집,1
남포동빵집,1
남포동디저트,1
남포동네일,1
내년엔,1
내돈,1
꽃틔움,1
냉우동,1
넘친절해서감동,1
넌목욕각,1
너무이쁨,1
너무예쁘다,1
너무맛있다,1
너무,1
너남편만나러달려옴,1
냥이,1
냉장고자석,1
내일로,1
내동중,1
내일가는게슬픔,1
내일,1
내이름은예튼실,1
내앞에너,1
내안에아기,1
내스타일,1
내새끼,1
내부엌,1
내모든것,1
남포동게스트하우스,1
남포당,1
남포게스트하우스,1
나무,1
낙상감지,1
낙상,1
낙곱새볶음,1
낙곱새,1
나홀로출사,1
나이드니,1
나의최애장소,1
나시고랭,1
나무세계지도,1
나머리겁나커,1
남탓,1
나만의악당,1
나만알고싶은곳,1
나루공원,1
나도인스타한다,1
나도부산가봤다,1
나고야,1
꿈에서만나요,1
꿀주말,1
꿀쟁,1
낙상사고,1
낙서,1
낙서스타그램,1
낙지볶군,1
남천동네일,1
남천동,1
남자코디,1
남자빈티지,1
남자모델,1
남자간호사,1
남자가을코디,1
남자,1
남산동카페,1
남산동,1
남산,1
남보동,1
남는건,1
남는,1
날씨굿,1
날씨가좋아,1
난자완스,1
난닝구,1
낙첨,1
광인리,1
광어회,1
광알리,1
갈대,1
감포항,1
감천마을카페,1
감자,1
감성스타그램,1
감사함니다,1
감독의자,1
갈삼구이,1
갈매기인형,1
갈매기,1
간호사,1
강리단길,1
간식,1
간단하게,1
가즈아,1
가장보통의연애,1
가자미미역국,1
가자,1
가을이야기,1
가을음악회,1
가을네일,1
갓포사카나,1
강서구,1
거리미술,1
개냥이,1
거가대교보임,1
갬성,1
갤럭시노트8,1
갤럭시노트10,1
갤러리래,1
개집사,1
개좋음,1
개뻥,1
개미집낙곱새,1
개금밀면,1
강서구네일,1
개고생,1
같이늙어가는사이,1
강풍저리가,1
강원도,1
강아지호텔,1
강아지식탁,1
강아지봉사,1
강서구카페,1
강서구맛집,1
가을공기,1
가을갈대밭,1
가야밀면,1
ygentertaiment,1
yonseiuniversity,1
yongsangu,1
yongsan,1
yonggungsa,1
yongdusanparktower,1
yongdusanparkbusantower,1
yongdusanpark,1
ygfamily,1
ygentertainment,1
yg,1
가성비,1
yesterday,1
yerevan,1
yeongdolighthouse,1
yeonan,1
yeojingoo,1
yeji,1
yearabroad,1
yangdongvillage,1
yachttale,1
yooncuisine,1
yoonjoonhwan,1
youmustsee,1
youngbae,1
가사,1
가볼만한곳,1
가덕도카페,1
가고싶은곳,1
가고싶다,1
촣아요,1
쬬,1
맟팔,1
zoomingshot,1
zeroplastic,1
zeffirelli,1
ywca,1
yuyuanlife,1
yuriko,1
yuna,1
yuji,1
youtubers,1
youtuber,1
yourshotphotographer,1
거리,1
거울사진,1
광안불꽃축제,1
골든리트리버,1
공배단얼,1
공방,1
공들인배경에단순한얼굴,1
공감,1
곱도리탕,1
곰인형,1
곰돌이컷,1
곰,1
골든아워,1
골드코스트,1
공스타그램,1
골동품,1
고탄성스펀지,1
고추냉이크림치즈,1
고양이호텔,1
고양이추모비,1
고양이젤리,1
고양이장례,1
고양이스타그램,1
고양이발바닥,1
공순대,1
공연단,1
거울셀카,1
광안대교마그넷,1
광안리해변문화창작소,1
광안리케이크,1
광안리오면핫플카페,1
광안리예쁜카페,1
광안리속눈썹,1
광안리네일,1
광안리끄티집,1
광안동,1
광안대교야경,1
광리단길카페,1
공예,1
광리단길,1
광고모델,1
광각렌즈,1
관람,1
관광통역안내사,1
관광상품,1
과테말라라헤르모사게이샤,1
공주님들,1
공유,1
고양이그램,1
고양이간식,1
고스락,1
겟올라잇부산,1
경기도여행,1
결혼식보러부산까지,1
견학,1
견생샷,1
견과류,1
겨울코디,1
겨울신상,1
겨우아파트하나,1
겟올라잇해운대,1
게파축제,1
고르곤졸라피자,1
게네랄파우제,1
검보하우스,1
걷기,1
건축사진,1
건조한손,1
건조한발,1
건물,1
거청조선소,1
거제도카페,1
경남,1
경대맛집,1
경비견,1
경상남도,1
고래,1
고딩스타그램,1
고등학교축제,1
고등어,1
고독함,1
고노와다,1
고기,1
고급소주,1
계단,1
경주월드,1
경의선자두청원,1
경의선숲길고양이,1
경의선숲길,1
경원고,1
경영학과,1
경성코페,1
경성대타투,1
경성대속눈썹,1
경성대네일,1
sonya7ii,1
sonnig,1
sonne,1
minkook,1
miryang,1
mirrorselfie,1
mirrorselca,1
miracle,1
mipocafe,1
mipo,1
minthouse,1
mintfemalehostel,1
minkookisreal,1
miniwold,1
misha,1
miniseoul,1
minilife,1
minikorea,1
minicooperworld,1
minicoopers,1
minicooperjcw,1
minicooper,1
miniconvertible,1
mini,1
mis30,1
miso,1
milkcafe,1
monochrome,1
mountainclimbing,1
mount,1
motoryachta,1
motors,1
motivation,1
moteryachta,1
morningrun,1
moonlife,1
monsterpie,1
mongoliantraditionalclothes,1
missyou,1
mongoliangirl,1
mong,1
monamipen,1
momstagram,1
momoscoffee,1
mokpo,1
mndkorea,1
mmgpropeller,1
misty,1
mimosjikook,1
milan,1
observatory,1
marriage,1
meer,1
media,1
mcoluomo,1
maximdeparis,1
mavissunsetshot,1
mate20pro,1
maserati,1
masanrobotland,1
marvel,1
maritime,1
megayacht,1
marincity,1
maridocoreano,1
manjares,1
mangobannana,1
mango,1
mandu,1
mall,1
malaysia,1
makeupartist,1
meet,1
melbourne,1
miga,1
mermaidstatus,1
midzy,1
midnightpassion,1
midnightmunchies,1
midnightinparis,1
microbrandwatch,1
microbrand,1
miamibeach,1
metime,1
mery,1
mermaidstatue,1
meme,1
mermaid,1
mercylambo,1
mercado,1
meow,1
mensfitness,1
mensfashion,1
memory,1
memoriesinkorea,1
memes,1
moviemania,1
movies,1
moyeoga,1
niceday,1
nightsky,1
nightsea,1
nightrun,1
nightphotography,1
nightoutwiththeboys,1
nightlight,1
nightknight,1
nightcat,1
niebo,1
newyorkpizza,1
niied,1
newyorkcity,1
newplan,1
newlyweds,1
newhaircut,1
newexperiences,1
neko,1
nct,1
nbctradefair3,1
nbctradefair,1
nightstroll,1
nikerunning,1
mrwonderfulcities,1
norway,1
nufaiiiaroundtheworld,1
nufaiii,1
nube,1
nsk,1
novosibirsk,1
november,1
noticiasitzy,1
nothing,1
norwey,1
norwater,1
nikonkr,1
normalday,1
nomadlife,1
noir,1
nofiter,1
nobrain,1
no17mari,1
nikonworld,1
nikontop,1
nikonlens,1
nb2hiphopclub,1
nb2,1
natureshots,1
mya,1
myjob,1
myidol,1
myhusband,1
mygirl,1
myg,1
myfaith,1
myeverything,1
mycat,1
myantisocialcat,1
mustsee,1
natures,1
muslimahshangout,1
musictheatre,1
musicismylife,1
musicaltheatre,1
musical,1
museumofcontemporaryart,1
muscatgrapes,1
mummy,1
multicultural,1
mykitchen,1
mynameisstrong,1
myspc,1
nIkkor2470,1
naturerepublic,1
natureaddict,1
natur,1
natgeophotos,1
natgeo100contest,1
natgeo,1
natasshainkorea,1
natasshaaroundtheglobe,1
naning9,1
nampodang,1
nampo,1
namkook,1
namjoohyuk,1
nami,1
nalchik,1
naildesigns,1
nail,1
naijacorpers,1
naijabrandchick,1
makeportraits,1
maixmum,1
magneticeffect,1
kpopstar,1
kunsan,1
ktx,1
ktourstory,1
ktothailand,1
ktoindia,1
ktoid,1
kto9suk9suk,1
kswiss,1
ksj,1
kpopnoticias,1
kwakdongyeon,1
kpoplfl,1
kpopleaker,1
kpopidol,1
kpopfanarts,1
kpopers,1
kpopcollector,1
kpopcollection,1
kpopalbums,1
kpopaesthetic,1
kunst,1
kyoto,1
lavalsehotelbusan,1
lambruscomarani,1
laurie,1
latteart,1
latregua,1
lategram,1
lasvegas,1
lastmoment,1
landscapephotographer,1
landmark9,1
lambruscosalamino,1
lambrusco,1
kyungsunguniversity,1
lake,1
lahore,1
ladybird,1
ladder,1
lacewigs,1
la,1
l4likeforlikesback,1
k뷰티풀,1
k뷰티,1
kozentertainment,1
kozaudition,1
kormarine2019,1
koreancosmetics,1
koreanfoodie,1
koreanflowercake,1
koreanfasion,1
koreanfanpage,1
koreanearandfar,1
koreandessert,1
koreandancer,1
koreandance,1
koreancouples,1
koreanchinesereataurant,1
kormarine,1
koreanboyfriend,1
koreanbeauty,1
koreanactorfanpage,1
koreamuslimtravel,1
korealife,1
koreafashions,1
koreadiaries,1
koreabusan,1
koreablog,1
koreanfoodporn,1
koreanhistory,1
koreanicecream,1
koreanmodel,1
koreli,1
koredizileri,1
koreawinter,1
koreatrip2019,1
koreatourismorganization,1
koreastyle,1
koreastreetart,1
koreaspring,1
koreasister,1
koreaselatan,1
koreaphotography,1
koreantrip,1
koreantravel,1
koreansociety,1
koreansnacks,1
koreanshopping,1
koreanshavedice,1
koreanootd,1
koreanmovie,1
lavalsehotel,1
lavideatlan,1
magicshop,1
lotto,1
lovelyday,1
lovelock,1
lovelife,1
loveit,1
loveislove,1
loveisgiving,1
loveforjungkook,1
loungepub,1
lotusbiscoff,1
lotteworldtower,1
lovelyshoes,1
lottetower,1
lottedepartmentstore,1
loporello,1
longexposureshot,1
longblack,1
lonely,1
london,1
lollywood,1
loccitane,1
lovelykids,1
lovelyson,1
lavideatlanhotel,1
luna,1
maggeolli,1
magfilm,1
magcshop,1
macaroon,1
macaronlove,1
macao,1
lv,1
lurefishing,1
lunchtime,1
lumix,1
lovenature,1
lugares,1
lucrajp,1
luckycoin,1
lovinglifefam,1
lovetravel,1
lovestagram,1
lovers,1
lover,1
loveplanet,1
livadiya,1
littlewomenmovie,1
littlewomen,1
leisure,1
lia,1
lgbtcosplay,1
lg,1
letsbefancy,1
lets,1
lesogorskoe,1
leofoto,1
lemontea,1
leisurephotography,1
leicasl,1
littleprince,1
leicaimages,1
legend,1
leeseunghyun,1
leeminhoo,1
leejongsuk,1
leaves,1
leather,1
learnfrench,1
leaker,1
liarkimphotography,1
licht,1
lifeboat,1
lifedrawing,1
littleplanet,1
lithuaniangirl,1
lipsync,1
linbabyyyy,1
liltimmytim,1
liketime,1
likesreturned,1
likemyphotos,1
likelike,1
likeinstagirl,1
likees,1
likebackalways,1
lights,1
lightroommobile,1
lightning,1
lighthouseviews,1
lighthouse,1
lifeofadventure,1
lifeinkorea,1
object,1
oceanside,1
songjoongki,1
sanghaiairlines,1
sasaenginformation,1
sasaenginfo,1
sasaenggroups,1
sasaengbts,1
sasaeng,1
sarmadkhoosat,1
sapporo,1
sapapul,1
santahelena,1
sandiego,1
sasaengleaks,1
samgyeopsal,1
saltyair,1
salondebonheur,1
salad,1
saintpetersburg,1
sail,1
sad,1
sabado,1
ryujin,1
sasaengleak,1
sasaenglife,1
russiangirl,1
scenery,1
seagull,1
seafoodpot,1
seaartfestival2019,1
seaartfestival,1
screw,1
scooter,1
scon,1
scifi,1
scholarship,1
scenary,1
sasaengworld,1
scallops,1
savetheearth,1
savagequotes,1
saturdayshopping,1
saturdayrun,1
saturdayquotes,1
saturdaypost,1
saturdaynight,1
sasang,1
ryubin,1
russianboyfriend,1
oceanview,1
recliningbuddha,1
relaxing,1
reggiano,1
reflexiones,1
reflections,1
redwhitelighthouse,1
redvelvet,1
redrock,1
recommended,1
recommendations,1
reaction,1
repost,1
rawurbanshots,1
rawfish,1
raw,1
rapmonstar,1
randominternational,1
ramyeon,1
ramen,1
rainy,1
rain,1
rendezvousdebusan,1
republicofkorea,1
russianboy,1
rocks,1
runnerscomunity,1
runner,1
runbusan,1
roupacoreana,1
roulette,1
rooftopbar,1
rooftop,1
rolexgmt,1
rolex,1
robot,1
rest,1
robohon,1
roamtheplanet,1
roamingwomen,1
roadtrip,1
river,1
rising,1
ricecake,1
retrievers,1
restlessabandon,1
sealife,1
seaofjapan,1
searchingfornemo,1
sisterstrip,1
skylovers,1
skyline,1
skullwatch,1
skull,1
skincareroutine,1
skills,1
sketchbook,1
sketch,1
sk,1
sister,1
sleepingbeauty,1
singlemom,1
singing,1
singer,1
silverprints,1
silkair,1
signiture,1
sightseeing,1
siblingstravel,1
siberianhealth,1
skywalk,1
sliceoflife,1
seaview,1
soho,1
songdobeach,1
song,1
sondobeach,1
son,1
somanyothers,1
solotraveler,1
solobackpacker,1
solnova,1
sol,1
sofuntotravel,1
slide,1
soft,1
sochi,1
so7,1
snowman,1
snapshot,1
snapphoto,1
smooth,1
slovakian,1
slot,1
siberia,1
showmewhatyougot,1
showbox,1
sensibilisation,1
seungri,1
serendipity,1
seoultrip,1
seoulfashionweek,1
seoulexpress,1
seoulcity,1
seomyeonstation,1
seomyeoncafe,1
seomy,1
sensetive,1
shoutout,1
seminar,1
selfportrait,1
selfies,1
selenagomez,1
sel70200gm,1
sel55f18z,1
sel20tc,1
seeyou,1
secondhands,1
seungriseyo,1
seyi,1
shabushabu,1
shamelessmirrorselfie,1
shouldhavestayedhereaweek,1
shots,1
shorttrip,1
shortgateaway,1
shootfilm,1
shoot,1
shofatourtravel,1
ships,1
shippingroutes,1
shipengineer,1
shinsegaemall,1
shinsegae,1
shingil,1
shimizu,1
sheilaon7,1
sheilagankkorea,1
sheilagank,1
shaver,1
sharangeo,1
radiumartcenter,1
quoteoftheday,1
quercioli,1
parking,1
pasta,1
passion,1
partynight,1
partizanske,1
part2,1
part1,1
parkseojoon,1
parkjungkook,1
parkjiminedit,1
parkhyungsik,1
pastelovyslum,1
parents,1
parasol,1
paradisehotel,1
paradise,1
panudda,1
pantai,1
palfingermarine,1
pale,1
palakpaneer,1
pastel,1
patisserie,1
phamluutuantai,1
pengcaron,1
phalaenopsis,1
petitefrance,1
person,1
persian,1
pepsibezel,1
peoplesketching,1
peopleandplaces,1
people,1
pentax,1
pemenang,1
pattaya,1
pecintadrakor,1
pearlwhite,1
pearlcrown,1
peaks,1
peach,1
peace,1
pausa,1
paulatreides,1
pattayabeach,1
pakejmurah,1
pakejkorea,1
painting,1
olympuspenf,1
ootdkorea,1
ootdfashion,1
onthetable,1
ontheradio,1
onthebeach,1
onedaytrip,1
onedayclass,1
ombrello,1
omaker,1
olympusgoestobusan,1
painted,1
olympus,1
oldschool,1
oldfriends,1
oldbooks,1
okidbarbershop,1
ohsinwook,1
octorber,1
octoberfestival,1
oct,1
openair,1
optometrist,1
orange,1
orchid,1
p30pro,1
overwatchcosplay,1
outofcontrol,1
outlooktraveller,1
outfitstyle,1
outfits,1
outdoorwomen,1
outdoors,1
outdoorlife,1
outdoor,1
outdark,1
outandabout,1
out,1
oticoti,1
osharecrew,1
osan,1
osahrecrew,1
orsk,1
orienttattooshop,1
phalaenopsisorchid,1
phans,1
queerscouts,1
portofbusan,1
premier,1
pregnancy,1
prahran,1
pottery,1
potoworldwide,1
potoworldtour,1
postcard,1
posiet,1
pose,1
portbeerfesta,1
princesscruise,1
port,1
porkskin,1
porkricesoup,1
porkchopoftheday,1
population,1
poptour,1
pool,1
pomeranian,1
pome,1
prest,1
princesshwagok,1
phantom,1
pusanfilmfestival,1
queer,1
quality,1
qingshapuskywalk,1
qingshapu,1
python,1
pyeongtaekfood,1
pyeongtaek,1
pvtistes,1
pvtcoreedusud,1
purelamo,1
proanaaa,1
pure,1
pukyongnationaluniversity,1
puertorico,1
pubhouse107,1
pub,1
ptshofawisataindonesia,1
proud,1
propeller,1
projektprodukt,1
polskadziewczyna,1
polaroid,1
poker,1
photobyrohee,1
photographysouls,1
photographyofkorea,1
photographylovers,1
photographylover,1
photographyislife,1
photographic,1
photograph,1
photogram,1
photogragher,1
photobyme,1
pocophone,1
photoby,1
phonepics,1
phantomphansofinstsgram,1
phantomphans,1
phantomoftheopera,1
phantomkorea,1
phantominkorea,1
phantomindubai,1
phantomdubai,1
photooftheweek,1
photoshop,1
photosight,1
piano,1
pmbusantrip2019,1
plaza,1
playroom,1
platos,1
plasticocean,1
plastic,1
plantbased,1
pjm,1
pizza,1
pioggia,1
pinoy,1
pinkmuhlygrass,1
pinkgate,1
pinkbouquet,1
pikachu,1
piff,1
pictureday,1
picofthenight,1
picasso,1
힙합,1
